رقم الفاتورة,تاريخ ووقت البيع,اسم المنتج,الكمية,سعر القطعة,تكلفة المنتج,المحافظة
ORD-1256,2026-08-19 14:19:00,هودي شتوي رمادي,3,700,300,طنطا
ORD-1416,2026-08-16 23:12:00,سويت شيرت زيتي,1,500,220,الإسكندرية
ORD-1134,2026-08-30 14:24:00,قميص كاجوال كحلي,3,450,200,الإسكندرية
ORD-1344,2026-08-04 16:10:00,قميص كاجوال كحلي,3,450,200,طنطا
ORD-1328,2026-08-25 20:50:00,تيشرت قطن أبيض,1,350,150,القاهرة
ORD-1127,2026-08-26 21:50:00,تيشرت قطن أبيض,2,350,150,الجيزة
ORD-1426,2026-08-16 20:55:00,هودي شتوي رمادي,3,700,300,القاهرة
ORD-1030,2026-08-19 16:36:00,فستان صيفي مشجر,3,800,350,الجيزة
ORD-1449,2026-08-19 19:21:00,حذاء رياضي مريح,2,950,400,الجيزة
ORD-1134,2026-08-05 12:53:00,بنطلون جينز أسود,2,600,250,المنيا
ORD-1157,2026-08-02 19:11:00,هودي شتوي رمادي,3,700,300,المنصورة
ORD-1301,2026-08-18 14:50:00,بنطلون جينز أسود,2,600,250,الجيزة
ORD-1464,2026-08-03 14:24:00,حذاء رياضي مريح,2,950,400,الجيزة
ORD-1127,2026-08-24 15:41:00,هودي شتوي رمادي,3,700,300,المنيا
ORD-1015,2026-08-05 17:43:00,حذاء رياضي مريح,3,950,400,القاهرة
ORD-1003,2026-08-08 21:29:00,تيشرت قطن أبيض,1,350,150,المنيا
ORD-1059,2026-08-10 23:57:00,بنطلون جينز أسود,3,600,250,الجيزة
ORD-1072,2026-08-08 16:36:00,حذاء رياضي مريح,2,950,400,طنطا
ORD-1018,2026-08-05 23:16:00,حذاء رياضي مريح,3,950,400,الجيزة
ORD-1235,2026-08-01 19:54:00,سويت شيرت زيتي,2,500,220,الإسكندرية
ORD-1201,2026-08-22 14:39:00,فستان صيفي مشجر,1,800,350,القاهرة
ORD-1032,2026-08-01 15:31:00,حذاء رياضي مريح,1,950,400,المنيا
ORD-1216,2026-08-20 20:16:00,فستان صيفي مشجر,2,800,350,طنطا
ORD-1105,2026-08-26 21:57:00,بنطلون جينز أسود,3,600,250,المنصورة
ORD-1137,2026-08-10 16:26:00,سويت شيرت زيتي,1,500,220,الجيزة
ORD-1243,2026-08-08 11:07:00,حذاء رياضي مريح,1,950,400,طنطا
ORD-1292,2026-08-27 11:36:00,قميص كاجوال كحلي,2,450,200,المنيا
ORD-1127,2026-08-05 12:20:00,بنطلون جينز أسود,3,600,250,طنطا
ORD-1122,2026-08-22 13:44:00,جاكيت جلد رجالي,1,1500,600,الإسكندرية
ORD-1415,2026-08-03 16:02:00,جاكيت جلد رجالي,1,1500,600,الإسكندرية
ORD-1018,2026-08-06 22:02:00,جاكيت جلد رجالي,3,1500,600,القاهرة
ORD-1385,2026-08-12 19:15:00,تيشرت قطن أبيض,3,350,150,القاهرة
ORD-1358,2026-08-02 16:15:00,تيشرت قطن أبيض,1,350,150,طنطا
ORD-1001,2026-08-10 23:46:00,تيشرت قطن أبيض,3,350,150,طنطا
ORD-1127,2026-08-23 17:27:00,بنطلون جينز أسود,1,600,250,المنصورة
ORD-1495,2026-08-22 17:40:00,فستان صيفي مشجر,1,800,350,الجيزة
ORD-1391,2026-08-23 15:18:00,هودي شتوي رمادي,2,700,300,المنيا
ORD-1280,2026-08-24 12:11:00,تيشرت قطن أبيض,1,350,150,المنصورة
ORD-1228,2026-08-15 20:04:00,حذاء رياضي مريح,1,950,400,المنيا
ORD-1072,2026-08-22 16:03:00,تيشرت قطن أبيض,3,350,150,المنصورة
ORD-1484,2026-08-29 21:31:00,تيشرت قطن أبيض,1,350,150,طنطا
ORD-1446,2026-08-08 15:13:00,حذاء رياضي مريح,2,950,400,الجيزة
ORD-1399,2026-08-30 15:48:00,قميص كاجوال كحلي,3,450,200,القاهرة
ORD-1092,2026-08-01 15:07:00,جاكيت جلد رجالي,1,1500,600,طنطا
ORD-1131,2026-08-15 22:56:00,تيشرت قطن أبيض,2,350,150,القاهرة
ORD-1267,2026-08-16 17:50:00,هودي شتوي رمادي,1,700,300,الجيزة
ORD-1372,2026-08-03 09:05:00,فستان صيفي مشجر,2,800,350,المنصورة
ORD-1052,2026-08-19 17:52:00,قميص كاجوال كحلي,3,450,200,طنطا
ORD-1251,2026-08-09 12:13:00,سويت شيرت زيتي,1,500,220,الجيزة
ORD-1467,2026-08-03 13:19:00,قميص كاجوال كحلي,1,450,200,المنصورة
ORD-1326,2026-08-20 17:34:00,قميص كاجوال كحلي,3,450,200,الجيزة
ORD-1120,2026-08-22 21:13:00,سويت شيرت زيتي,1,500,220,المنصورة
ORD-1317,2026-08-27 10:50:00,جاكيت جلد رجالي,1,1500,600,المنصورة
ORD-1494,2026-08-07 13:12:00,تيشرت قطن أبيض,3,350,150,القاهرة
ORD-1403,2026-08-26 10:03:00,بنطلون جينز أسود,3,600,250,طنطا
ORD-1314,2026-08-30 09:32:00,حذاء رياضي مريح,3,950,400,الإسكندرية
ORD-1376,2026-08-03 12:38:00,جاكيت جلد رجالي,1,1500,600,الإسكندرية
ORD-1027,2026-08-03 12:59:00,هودي شتوي رمادي,3,700,300,طنطا
ORD-1417,2026-08-22 21:51:00,هودي شتوي رمادي,1,700,300,المنصورة
ORD-1360,2026-08-11 15:53:00,حذاء رياضي مريح,1,950,400,القاهرة
ORD-1365,2026-08-30 20:16:00,سويت شيرت زيتي,3,500,220,طنطا
ORD-1284,2026-08-26 19:30:00,جاكيت جلد رجالي,3,1500,600,الإسكندرية
ORD-1238,2026-08-10 11:17:00,هودي شتوي رمادي,3,700,300,الجيزة
ORD-1256,2026-08-01 20:03:00,جاكيت جلد رجالي,3,1500,600,طنطا
ORD-1254,2026-08-10 11:21:00,تيشرت قطن أبيض,2,350,150,القاهرة
ORD-1142,2026-08-14 14:44:00,جاكيت جلد رجالي,3,1500,600,طنطا
ORD-1366,2026-08-16 18:25:00,جاكيت جلد رجالي,3,1500,600,القاهرة
ORD-1196,2026-08-26 18:33:00,هودي شتوي رمادي,1,700,300,القاهرة
ORD-1403,2026-08-15 11:48:00,حذاء رياضي مريح,2,950,400,الإسكندرية
ORD-1436,2026-08-03 09:28:00,قميص كاجوال كحلي,3,450,200,الجيزة
ORD-1088,2026-08-17 12:15:00,فستان صيفي مشجر,1,800,350,الإسكندرية
ORD-1442,2026-08-17 10:34:00,هودي شتوي رمادي,2,700,300,الجيزة
ORD-1253,2026-08-12 15:36:00,هودي شتوي رمادي,2,700,300,القاهرة
ORD-1109,2026-08-08 17:01:00,سويت شيرت زيتي,1,500,220,الجيزة
ORD-1056,2026-08-12 19:44:00,قميص كاجوال كحلي,1,450,200,الإسكندرية
ORD-1277,2026-08-28 15:06:00,فستان صيفي مشجر,2,800,350,القاهرة
ORD-1035,2026-08-15 16:49:00,حذاء رياضي مريح,1,950,400,القاهرة
ORD-1327,2026-08-19 16:44:00,قميص كاجوال كحلي,2,450,200,الجيزة
ORD-1110,2026-08-14 17:22:00,جاكيت جلد رجالي,2,1500,600,الجيزة
ORD-1130,2026-08-19 17:41:00,قميص كاجوال كحلي,2,450,200,الإسكندرية
ORD-1122,2026-08-09 16:17:00,سويت شيرت زيتي,2,500,220,الجيزة
ORD-1332,2026-08-29 23:56:00,بنطلون جينز أسود,1,600,250,المنصورة
ORD-1175,2026-08-26 20:14:00,تيشرت قطن أبيض,2,350,150,القاهرة
ORD-1259,2026-08-11 20:30:00,فستان صيفي مشجر,1,800,350,طنطا
ORD-1370,2026-08-24 19:25:00,جاكيت جلد رجالي,1,1500,600,المنصورة
ORD-1374,2026-08-01 11:08:00,سويت شيرت زيتي,1,500,220,المنصورة
ORD-1470,2026-08-03 21:32:00,فستان صيفي مشجر,1,800,350,المنصورة
ORD-1114,2026-08-08 09:41:00,قميص كاجوال كحلي,3,450,200,القاهرة
ORD-1231,2026-08-31 15:15:00,هودي شتوي رمادي,3,700,300,الجيزة
ORD-1444,2026-08-15 18:11:00,حذاء رياضي مريح,2,950,400,طنطا
ORD-1292,2026-08-10 09:45:00,جاكيت جلد رجالي,1,1500,600,الجيزة
ORD-1345,2026-08-20 10:29:00,قميص كاجوال كحلي,1,450,200,القاهرة
ORD-1119,2026-08-19 10:43:00,تيشرت قطن أبيض,3,350,150,الإسكندرية
ORD-1156,2026-08-19 14:33:00,تيشرت قطن أبيض,3,350,150,القاهرة
ORD-1176,2026-08-19 10:29:00,فستان صيفي مشجر,3,800,350,المنصورة
ORD-1223,2026-08-24 16:32:00,فستان صيفي مشجر,2,800,350,القاهرة
ORD-1129,2026-08-18 16:37:00,تيشرت قطن أبيض,2,350,150,الجيزة
ORD-1176,2026-08-11 23:46:00,قميص كاجوال كحلي,1,450,200,الإسكندرية
ORD-1465,2026-08-14 15:29:00,قميص كاجوال كحلي,1,450,200,الإسكندرية
ORD-1129,2026-08-07 23:43:00,سويت شيرت زيتي,2,500,220,القاهرة
ORD-1353,2026-08-12 21:31:00,بنطلون جينز أسود,3,600,250,الجيزة
ORD-1413,2026-08-12 09:15:00,جاكيت جلد رجالي,1,1500,600,الجيزة
ORD-1032,2026-08-06 22:58:00,بنطلون جينز أسود,3,600,250,المنصورة
ORD-1206,2026-08-02 17:07:00,جاكيت جلد رجالي,3,1500,600,المنيا
ORD-1308,2026-08-22 14:09:00,هودي شتوي رمادي,2,700,300,الإسكندرية
ORD-1121,2026-08-13 18:58:00,فستان صيفي مشجر,3,800,350,المنيا
ORD-1143,2026-08-16 16:11:00,بنطلون جينز أسود,1,600,250,القاهرة
ORD-1288,2026-08-28 17:54:00,هودي شتوي رمادي,2,700,300,الجيزة
ORD-1093,2026-08-15 10:10:00,بنطلون جينز أسود,3,600,250,المنيا
ORD-1444,2026-08-09 09:49:00,جاكيت جلد رجالي,1,1500,600,المنيا
ORD-1321,2026-08-28 13:42:00,فستان صيفي مشجر,2,800,350,الإسكندرية
ORD-1274,2026-08-07 12:22:00,قميص كاجوال كحلي,3,450,200,الجيزة
ORD-1313,2026-08-31 21:39:00,قميص كاجوال كحلي,1,450,200,الجيزة
ORD-1459,2026-08-22 14:48:00,هودي شتوي رمادي,1,700,300,الإسكندرية
ORD-1462,2026-08-12 18:23:00,قميص كاجوال كحلي,3,450,200,طنطا
ORD-1326,2026-08-09 18:38:00,سويت شيرت زيتي,2,500,220,الجيزة
ORD-1469,2026-08-04 11:53:00,بنطلون جينز أسود,1,600,250,الإسكندرية
ORD-1189,2026-08-14 11:02:00,حذاء رياضي مريح,2,950,400,المنيا
ORD-1252,2026-08-28 14:09:00,حذاء رياضي مريح,3,950,400,طنطا
ORD-1369,2026-08-04 22:50:00,سويت شيرت زيتي,3,500,220,الإسكندرية
ORD-1003,2026-08-21 15:51:00,هودي شتوي رمادي,3,700,300,المنصورة
ORD-1212,2026-08-05 12:38:00,سويت شيرت زيتي,1,500,220,الإسكندرية
ORD-1101,2026-08-24 18:26:00,سويت شيرت زيتي,3,500,220,الجيزة
ORD-1203,2026-08-09 16:38:00,هودي شتوي رمادي,2,700,300,الجيزة
ORD-1434,2026-08-03 11:30:00,حذاء رياضي مريح,1,950,400,الإسكندرية
ORD-1235,2026-08-03 16:12:00,بنطلون جينز أسود,3,600,250,المنصورة
ORD-1437,2026-08-01 13:21:00,جاكيت جلد رجالي,3,1500,600,طنطا
ORD-1326,2026-08-29 12:26:00,سويت شيرت زيتي,1,500,220,المنصورة
ORD-1383,2026-08-20 19:28:00,جاكيت جلد رجالي,2,1500,600,طنطا
ORD-1213,2026-08-09 22:54:00,سويت شيرت زيتي,2,500,220,طنطا
ORD-1032,2026-08-11 20:03:00,تيشرت قطن أبيض,1,350,150,طنطا
ORD-1325,2026-08-25 23:08:00,فستان صيفي مشجر,3,800,350,الجيزة
ORD-1451,2026-08-24 18:11:00,قميص كاجوال كحلي,1,450,200,الجيزة
ORD-1413,2026-08-20 09:26:00,فستان صيفي مشجر,2,800,350,طنطا
ORD-1412,2026-08-11 14:17:00,هودي شتوي رمادي,2,700,300,القاهرة
ORD-1181,2026-08-07 17:18:00,هودي شتوي رمادي,2,700,300,طنطا
ORD-1156,2026-08-25 14:09:00,قميص كاجوال كحلي,3,450,200,الجيزة
ORD-1387,2026-08-30 22:09:00,تيشرت قطن أبيض,1,350,150,الإسكندرية
ORD-1212,2026-08-29 22:26:00,بنطلون جينز أسود,3,600,250,الإسكندرية
ORD-1129,2026-08-07 12:10:00,حذاء رياضي مريح,1,950,400,الجيزة
ORD-1114,2026-08-25 18:01:00,فستان صيفي مشجر,1,800,350,المنيا
ORD-1276,2026-08-15 19:49:00,هودي شتوي رمادي,3,700,300,المنيا
ORD-1372,2026-08-24 14:33:00,فستان صيفي مشجر,3,800,350,طنطا
ORD-1003,2026-08-13 09:25:00,جاكيت جلد رجالي,3,1500,600,المنيا
ORD-1418,2026-08-02 20:27:00,قميص كاجوال كحلي,1,450,200,طنطا
ORD-1101,2026-08-12 09:03:00,تيشرت قطن أبيض,2,350,150,المنيا
ORD-1296,2026-08-31 19:00:00,هودي شتوي رمادي,3,700,300,الجيزة
ORD-1308,2026-08-02 16:49:00,جاكيت جلد رجالي,1,1500,600,طنطا
ORD-1138,2026-08-02 18:23:00,قميص كاجوال كحلي,2,450,200,المنصورة
ORD-1065,2026-08-15 20:06:00,تيشرت قطن أبيض,3,350,150,المنيا
ORD-1243,2026-08-10 23:33:00,بنطلون جينز أسود,3,600,250,طنطا
ORD-1455,2026-08-05 18:00:00,هودي شتوي رمادي,3,700,300,الإسكندرية
ORD-1244,2026-08-16 13:26:00,بنطلون جينز أسود,1,600,250,المنصورة
ORD-1377,2026-08-05 14:58:00,فستان صيفي مشجر,1,800,350,طنطا
ORD-1394,2026-08-04 11:04:00,جاكيت جلد رجالي,3,1500,600,الإسكندرية
ORD-1190,2026-08-11 20:54:00,حذاء رياضي مريح,1,950,400,الإسكندرية
ORD-1479,2026-08-03 23:50:00,حذاء رياضي مريح,2,950,400,القاهرة
ORD-1189,2026-08-13 15:41:00,قميص كاجوال كحلي,2,450,200,طنطا
ORD-1208,2026-08-21 17:23:00,قميص كاجوال كحلي,3,450,200,طنطا
ORD-1234,2026-08-31 13:44:00,هودي شتوي رمادي,3,700,300,الإسكندرية
ORD-1261,2026-08-26 22:16:00,حذاء رياضي مريح,1,950,400,القاهرة
ORD-1120,2026-08-28 11:23:00,سويت شيرت زيتي,3,500,220,المنيا
ORD-1045,2026-08-23 16:31:00,هودي شتوي رمادي,2,700,300,المنيا
ORD-1021,2026-08-10 18:07:00,هودي شتوي رمادي,1,700,300,طنطا
ORD-1185,2026-08-31 10:08:00,حذاء رياضي مريح,2,950,400,طنطا
ORD-1004,2026-08-17 15:19:00,بنطلون جينز أسود,2,600,250,الجيزة
ORD-1447,2026-08-05 14:37:00,جاكيت جلد رجالي,3,1500,600,القاهرة
ORD-1075,2026-08-31 09:42:00,جاكيت جلد رجالي,3,1500,600,الإسكندرية
ORD-1002,2026-08-19 16:06:00,هودي شتوي رمادي,1,700,300,الجيزة
ORD-1102,2026-08-09 23:46:00,سويت شيرت زيتي,3,500,220,المنيا
ORD-1472,2026-08-16 13:27:00,تيشرت قطن أبيض,1,350,150,طنطا
ORD-1198,2026-08-27 20:33:00,قميص كاجوال كحلي,3,450,200,الجيزة
ORD-1386,2026-08-29 13:41:00,سويت شيرت زيتي,1,500,220,الجيزة
ORD-1140,2026-08-05 23:13:00,فستان صيفي مشجر,2,800,350,القاهرة
ORD-1386,2026-08-22 16:39:00,حذاء رياضي مريح,3,950,400,طنطا
ORD-1395,2026-08-09 11:07:00,بنطلون جينز أسود,3,600,250,الجيزة
ORD-1047,2026-08-30 11:35:00,تيشرت قطن أبيض,1,350,150,المنيا
ORD-1387,2026-08-28 22:34:00,هودي شتوي رمادي,2,700,300,المنيا
ORD-1046,2026-08-10 15:38:00,فستان صيفي مشجر,2,800,350,القاهرة
ORD-1134,2026-08-30 22:16:00,فستان صيفي مشجر,3,800,350,طنطا
ORD-1275,2026-08-27 21:02:00,حذاء رياضي مريح,2,950,400,المنيا
ORD-1261,2026-08-03 13:55:00,تيشرت قطن أبيض,1,350,150,المنيا
ORD-1349,2026-08-24 19:24:00,حذاء رياضي مريح,3,950,400,المنصورة
ORD-1171,2026-08-25 16:34:00,جاكيت جلد رجالي,3,1500,600,طنطا
ORD-1427,2026-08-18 13:46:00,فستان صيفي مشجر,1,800,350,المنصورة
ORD-1308,2026-08-19 18:34:00,سويت شيرت زيتي,3,500,220,طنطا
ORD-1293,2026-08-24 12:15:00,حذاء رياضي مريح,1,950,400,القاهرة
ORD-1462,2026-08-30 13:33:00,سويت شيرت زيتي,2,500,220,المنصورة
ORD-1022,2026-08-27 13:36:00,بنطلون جينز أسود,3,600,250,طنطا
ORD-1139,2026-08-20 17:03:00,سويت شيرت زيتي,3,500,220,المنيا
ORD-1488,2026-08-12 15:26:00,قميص كاجوال كحلي,2,450,200,الإسكندرية
ORD-1042,2026-08-12 09:54:00,حذاء رياضي مريح,2,950,400,المنصورة
ORD-1259,2026-08-16 11:05:00,جاكيت جلد رجالي,1,1500,600,القاهرة
ORD-1355,2026-08-14 14:48:00,سويت شيرت زيتي,3,500,220,طنطا
ORD-1309,2026-08-13 10:22:00,هودي شتوي رمادي,1,700,300,القاهرة
ORD-1337,2026-08-23 14:01:00,قميص كاجوال كحلي,3,450,200,المنصورة
ORD-1191,2026-08-23 14:55:00,تيشرت قطن أبيض,2,350,150,الجيزة
ORD-1214,2026-08-18 23:55:00,تيشرت قطن أبيض,3,350,150,المنيا
ORD-1245,2026-08-25 09:44:00,سويت شيرت زيتي,3,500,220,طنطا
ORD-1201,2026-08-26 15:13:00,فستان صيفي مشجر,2,800,350,المنيا
ORD-1325,2026-08-03 11:14:00,سويت شيرت زيتي,2,500,220,المنيا
ORD-1113,2026-08-29 12:55:00,هودي شتوي رمادي,3,700,300,القاهرة
ORD-1173,2026-08-23 23:11:00,بنطلون جينز أسود,1,600,250,الإسكندرية
ORD-1001,2026-08-23 16:31:00,جاكيت جلد رجالي,1,1500,600,الإسكندرية
ORD-1362,2026-08-28 09:16:00,حذاء رياضي مريح,3,950,400,المنيا
ORD-1443,2026-08-12 11:15:00,بنطلون جينز أسود,1,600,250,طنطا
ORD-1278,2026-08-16 12:04:00,فستان صيفي مشجر,2,800,350,الجيزة
ORD-1419,2026-08-13 21:58:00,سويت شيرت زيتي,1,500,220,الإسكندرية
ORD-1142,2026-08-12 14:31:00,قميص كاجوال كحلي,2,450,200,المنيا
ORD-1409,2026-08-24 10:10:00,هودي شتوي رمادي,2,700,300,المنيا
ORD-1222,2026-08-26 11:19:00,فستان صيفي مشجر,3,800,350,المنيا
ORD-1021,2026-08-17 16:10:00,قميص كاجوال كحلي,1,450,200,المنيا
ORD-1132,2026-08-24 13:06:00,حذاء رياضي مريح,1,950,400,المنيا
ORD-1009,2026-08-01 16:52:00,فستان صيفي مشجر,1,800,350,المنصورة
ORD-1490,2026-08-01 13:40:00,فستان صيفي مشجر,2,800,350,طنطا
ORD-1145,2026-08-04 09:19:00,بنطلون جينز أسود,1,600,250,المنيا
ORD-1443,2026-08-26 12:52:00,تيشرت قطن أبيض,1,350,150,الإسكندرية
ORD-1343,2026-08-28 13:42:00,تيشرت قطن أبيض,3,350,150,طنطا
ORD-1152,2026-08-24 20:37:00,بنطلون جينز أسود,3,600,250,الإسكندرية
ORD-1242,2026-08-07 21:19:00,قميص كاجوال كحلي,2,450,200,طنطا
ORD-1146,2026-08-29 17:58:00,جاكيت جلد رجالي,3,1500,600,الجيزة
ORD-1167,2026-08-31 16:39:00,قميص كاجوال كحلي,1,450,200,طنطا
ORD-1488,2026-08-26 20:19:00,فستان صيفي مشجر,3,800,350,الإسكندرية
ORD-1294,2026-08-27 17:29:00,جاكيت جلد رجالي,1,1500,600,الجيزة
ORD-1411,2026-08-05 21:31:00,جاكيت جلد رجالي,2,1500,600,الجيزة
ORD-1308,2026-08-18 09:56:00,جاكيت جلد رجالي,1,1500,600,المنصورة
ORD-1275,2026-08-08 21:32:00,قميص كاجوال كحلي,2,450,200,المنصورة
ORD-1206,2026-08-08 09:48:00,تيشرت قطن أبيض,2,350,150,الإسكندرية
ORD-1448,2026-08-03 17:34:00,جاكيت جلد رجالي,3,1500,600,المنصورة
ORD-1107,2026-08-26 14:03:00,سويت شيرت زيتي,1,500,220,الإسكندرية
ORD-1305,2026-08-12 18:17:00,هودي شتوي رمادي,2,700,300,طنطا
ORD-1246,2026-08-11 13:08:00,حذاء رياضي مريح,2,950,400,الجيزة
ORD-1179,2026-08-24 20:33:00,قميص كاجوال كحلي,1,450,200,طنطا
ORD-1084,2026-08-08 18:01:00,حذاء رياضي مريح,2,950,400,المنصورة
ORD-1077,2026-08-17 14:02:00,جاكيت جلد رجالي,1,1500,600,المنيا
ORD-1438,2026-08-20 21:51:00,تيشرت قطن أبيض,2,350,150,المنصورة
ORD-1048,2026-08-12 10:09:00,بنطلون جينز أسود,1,600,250,الجيزة
ORD-1031,2026-08-15 18:42:00,سويت شيرت زيتي,2,500,220,المنيا
ORD-1195,2026-08-29 22:14:00,بنطلون جينز أسود,3,600,250,المنصورة
ORD-1440,2026-08-20 09:23:00,جاكيت جلد رجالي,2,1500,600,الجيزة
ORD-1305,2026-08-12 11:01:00,قميص كاجوال كحلي,2,450,200,المنصورة
ORD-1424,2026-08-05 23:14:00,فستان صيفي مشجر,2,800,350,المنيا
ORD-1313,2026-08-19 20:03:00,بنطلون جينز أسود,3,600,250,الجيزة
ORD-1040,2026-08-13 20:38:00,حذاء رياضي مريح,2,950,400,المنصورة
ORD-1086,2026-08-10 23:48:00,فستان صيفي مشجر,3,800,350,المنصورة
ORD-1246,2026-08-07 22:00:00,هودي شتوي رمادي,3,700,300,المنيا
ORD-1104,2026-08-19 11:17:00,فستان صيفي مشجر,2,800,350,الإسكندرية
ORD-1165,2026-08-25 17:04:00,جاكيت جلد رجالي,1,1500,600,طنطا
ORD-1084,2026-08-29 13:22:00,هودي شتوي رمادي,1,700,300,الجيزة
ORD-1430,2026-08-26 13:27:00,حذاء رياضي مريح,2,950,400,المنيا
ORD-1380,2026-08-25 23:32:00,قميص كاجوال كحلي,3,450,200,المنيا
ORD-1245,2026-08-07 17:30:00,قميص كاجوال كحلي,3,450,200,القاهرة
ORD-1456,2026-08-10 23:47:00,تيشرت قطن أبيض,2,350,150,طنطا
ORD-1109,2026-08-19 15:54:00,سويت شيرت زيتي,1,500,220,المنيا
ORD-1453,2026-08-11 10:09:00,بنطلون جينز أسود,2,600,250,طنطا
ORD-1210,2026-08-06 10:27:00,سويت شيرت زيتي,2,500,220,المنيا
ORD-1395,2026-08-27 13:04:00,حذاء رياضي مريح,1,950,400,الجيزة
ORD-1489,2026-08-16 11:54:00,هودي شتوي رمادي,1,700,300,الجيزة
ORD-1056,2026-08-22 10:02:00,بنطلون جينز أسود,2,600,250,الإسكندرية
ORD-1383,2026-08-29 23:08:00,بنطلون جينز أسود,1,600,250,المنصورة
ORD-1249,2026-08-10 20:28:00,فستان صيفي مشجر,2,800,350,طنطا
ORD-1181,2026-08-01 14:46:00,قميص كاجوال كحلي,3,450,200,طنطا
ORD-1270,2026-08-04 17:38:00,قميص كاجوال كحلي,1,450,200,القاهرة
ORD-1238,2026-08-08 11:32:00,حذاء رياضي مريح,3,950,400,القاهرة
ORD-1309,2026-08-27 20:59:00,تيشرت قطن أبيض,2,350,150,القاهرة
ORD-1087,2026-08-15 23:04:00,قميص كاجوال كحلي,2,450,200,الجيزة
ORD-1497,2026-08-31 09:32:00,تيشرت قطن أبيض,1,350,150,القاهرة
ORD-1343,2026-08-08 09:32:00,هودي شتوي رمادي,2,700,300,الإسكندرية
ORD-1429,2026-08-17 14:13:00,جاكيت جلد رجالي,2,1500,600,المنيا
ORD-1231,2026-08-25 11:15:00,حذاء رياضي مريح,3,950,400,المنصورة
ORD-1249,2026-08-14 15:03:00,تيشرت قطن أبيض,2,350,150,المنيا
ORD-1214,2026-08-13 13:04:00,حذاء رياضي مريح,3,950,400,الإسكندرية
ORD-1422,2026-08-25 23:30:00,سويت شيرت زيتي,3,500,220,الإسكندرية
ORD-1026,2026-08-30 16:32:00,حذاء رياضي مريح,3,950,400,الإسكندرية
ORD-1087,2026-08-29 17:25:00,سويت شيرت زيتي,3,500,220,القاهرة
ORD-1318,2026-08-04 17:15:00,فستان صيفي مشجر,3,800,350,المنصورة
ORD-1110,2026-08-16 11:37:00,بنطلون جينز أسود,1,600,250,الإسكندرية
ORD-1356,2026-08-25 09:13:00,تيشرت قطن أبيض,2,350,150,المنيا
ORD-1078,2026-08-09 12:46:00,تيشرت قطن أبيض,2,350,150,المنصورة
ORD-1277,2026-08-27 17:34:00,جاكيت جلد رجالي,3,1500,600,المنيا
ORD-1150,2026-08-13 19:26:00,تيشرت قطن أبيض,2,350,150,الإسكندرية
ORD-1254,2026-08-19 12:44:00,سويت شيرت زيتي,3,500,220,القاهرة
ORD-1030,2026-08-23 17:35:00,فستان صيفي مشجر,3,800,350,المنيا
ORD-1203,2026-08-26 17:32:00,هودي شتوي رمادي,1,700,300,الجيزة
ORD-1498,2026-08-08 11:24:00,قميص كاجوال كحلي,3,450,200,المنصورة
ORD-1276,2026-08-24 16:07:00,بنطلون جينز أسود,1,600,250,طنطا
ORD-1184,2026-08-21 18:23:00,تيشرت قطن أبيض,2,350,150,طنطا
ORD-1480,2026-08-12 14:38:00,تيشرت قطن أبيض,2,350,150,المنيا
ORD-1347,2026-08-03 16:15:00,قميص كاجوال كحلي,3,450,200,الإسكندرية
ORD-1365,2026-08-23 14:09:00,حذاء رياضي مريح,3,950,400,الجيزة
ORD-1030,2026-08-24 11:57:00,فستان صيفي مشجر,3,800,350,المنيا
ORD-1110,2026-08-09 19:16:00,سويت شيرت زيتي,1,500,220,القاهرة
ORD-1240,2026-08-09 20:06:00,جاكيت جلد رجالي,3,1500,600,القاهرة
ORD-1399,2026-08-02 21:36:00,سويت شيرت زيتي,3,500,220,القاهرة
ORD-1350,2026-08-21 10:15:00,هودي شتوي رمادي,1,700,300,الجيزة
ORD-1069,2026-08-09 14:30:00,فستان صيفي مشجر,3,800,350,المنصورة
ORD-1255,2026-08-04 11:15:00,بنطلون جينز أسود,3,600,250,المنيا
ORD-1366,2026-08-09 17:28:00,فستان صيفي مشجر,1,800,350,القاهرة
ORD-1439,2026-08-14 21:00:00,سويت شيرت زيتي,2,500,220,المنصورة
ORD-1156,2026-08-26 12:47:00,سويت شيرت زيتي,3,500,220,طنطا
ORD-1284,2026-08-31 19:13:00,هودي شتوي رمادي,1,700,300,المنصورة
ORD-1296,2026-08-05 19:05:00,سويت شيرت زيتي,3,500,220,طنطا
ORD-1399,2026-08-21 14:13:00,هودي شتوي رمادي,2,700,300,المنيا
ORD-1014,2026-08-29 14:59:00,فستان صيفي مشجر,2,800,350,المنيا
ORD-1317,2026-08-18 18:25:00,هودي شتوي رمادي,1,700,300,المنيا
ORD-1013,2026-08-10 09:53:00,قميص كاجوال كحلي,3,450,200,الإسكندرية
ORD-1311,2026-08-05 13:16:00,حذاء رياضي مريح,1,950,400,طنطا
ORD-1045,2026-08-27 17:49:00,قميص كاجوال كحلي,3,450,200,الإسكندرية
ORD-1322,2026-08-10 17:26:00,تيشرت قطن أبيض,3,350,150,القاهرة
ORD-1281,2026-08-18 23:48:00,جاكيت جلد رجالي,3,1500,600,المنيا
ORD-1253,2026-08-05 22:53:00,حذاء رياضي مريح,1,950,400,المنصورة
ORD-1494,2026-08-12 13:33:00,بنطلون جينز أسود,2,600,250,المنيا
ORD-1211,2026-08-30 18:49:00,جاكيت جلد رجالي,2,1500,600,المنصورة
ORD-1470,2026-08-25 22:08:00,هودي شتوي رمادي,2,700,300,الإسكندرية
ORD-1463,2026-08-07 13:43:00,تيشرت قطن أبيض,3,350,150,المنصورة
ORD-1305,2026-08-07 11:13:00,جاكيت جلد رجالي,1,1500,600,الجيزة
ORD-1407,2026-08-04 20:19:00,قميص كاجوال كحلي,3,450,200,طنطا
ORD-1036,2026-08-01 19:20:00,هودي شتوي رمادي,3,700,300,الإسكندرية
ORD-1253,2026-08-17 09:18:00,حذاء رياضي مريح,3,950,400,المنيا
ORD-1044,2026-08-17 20:28:00,جاكيت جلد رجالي,1,1500,600,المنيا
ORD-1472,2026-08-16 09:36:00,هودي شتوي رمادي,3,700,300,طنطا
ORD-1420,2026-08-17 13:52:00,حذاء رياضي مريح,2,950,400,الجيزة
ORD-1492,2026-08-22 23:23:00,سويت شيرت زيتي,3,500,220,المنصورة
ORD-1398,2026-08-05 15:20:00,حذاء رياضي مريح,3,950,400,الجيزة
ORD-1381,2026-08-10 09:23:00,حذاء رياضي مريح,2,950,400,الجيزة
ORD-1023,2026-08-21 21:32:00,تيشرت قطن أبيض,3,350,150,المنصورة
ORD-1492,2026-08-09 16:13:00,بنطلون جينز أسود,3,600,250,الجيزة
ORD-1050,2026-08-04 13:23:00,بنطلون جينز أسود,3,600,250,الجيزة
ORD-1362,2026-08-11 13:16:00,قميص كاجوال كحلي,3,450,200,المنصورة
ORD-1040,2026-08-14 12:49:00,تيشرت قطن أبيض,3,350,150,المنيا
ORD-1169,2026-08-16 18:18:00,تيشرت قطن أبيض,3,350,150,طنطا
ORD-1121,2026-08-15 14:14:00,تيشرت قطن أبيض,1,350,150,المنيا
ORD-1152,2026-08-31 12:16:00,جاكيت جلد رجالي,2,1500,600,الجيزة
ORD-1494,2026-08-29 15:04:00,حذاء رياضي مريح,2,950,400,طنطا
ORD-1124,2026-08-29 11:07:00,سويت شيرت زيتي,1,500,220,المنصورة
ORD-1359,2026-08-01 23:36:00,سويت شيرت زيتي,2,500,220,الجيزة
ORD-1318,2026-08-10 18:33:00,تيشرت قطن أبيض,2,350,150,المنصورة
ORD-1272,2026-08-30 22:38:00,بنطلون جينز أسود,1,600,250,القاهرة
ORD-1098,2026-08-23 22:28:00,قميص كاجوال كحلي,3,450,200,الجيزة
ORD-1460,2026-08-18 19:23:00,تيشرت قطن أبيض,2,350,150,القاهرة
ORD-1474,2026-08-25 15:33:00,جاكيت جلد رجالي,1,1500,600,الإسكندرية
ORD-1125,2026-08-15 20:35:00,بنطلون جينز أسود,1,600,250,طنطا
ORD-1369,2026-08-14 12:55:00,فستان صيفي مشجر,1,800,350,طنطا
ORD-1399,2026-08-25 23:10:00,قميص كاجوال كحلي,3,450,200,المنيا
ORD-1217,2026-08-25 20:53:00,جاكيت جلد رجالي,2,1500,600,الإسكندرية
ORD-1306,2026-08-07 22:13:00,هودي شتوي رمادي,2,700,300,المنصورة
ORD-1052,2026-08-19 18:51:00,جاكيت جلد رجالي,3,1500,600,الجيزة
ORD-1060,2026-08-29 12:28:00,حذاء رياضي مريح,3,950,400,الإسكندرية
ORD-1132,2026-08-14 16:24:00,هودي شتوي رمادي,3,700,300,الجيزة
ORD-1233,2026-08-03 19:00:00,بنطلون جينز أسود,3,600,250,المنصورة
ORD-1280,2026-08-10 23:27:00,سويت شيرت زيتي,1,500,220,الإسكندرية
ORD-1269,2026-08-27 22:15:00,جاكيت جلد رجالي,1,1500,600,الجيزة
ORD-1171,2026-08-03 14:10:00,فستان صيفي مشجر,3,800,350,طنطا
ORD-1141,2026-08-26 18:23:00,تيشرت قطن أبيض,3,350,150,الإسكندرية
ORD-1090,2026-08-02 15:43:00,حذاء رياضي مريح,1,950,400,الإسكندرية
ORD-1103,2026-08-24 15:59:00,سويت شيرت زيتي,1,500,220,الجيزة
ORD-1065,2026-08-22 22:49:00,سويت شيرت زيتي,3,500,220,القاهرة
ORD-1049,2026-08-01 13:57:00,حذاء رياضي مريح,2,950,400,المنيا
ORD-1471,2026-08-30 17:44:00,جاكيت جلد رجالي,2,1500,600,المنيا
ORD-1428,2026-08-19 20:33:00,تيشرت قطن أبيض,3,350,150,الجيزة
ORD-1113,2026-08-22 14:36:00,تيشرت قطن أبيض,3,350,150,الإسكندرية
ORD-1140,2026-08-27 17:50:00,حذاء رياضي مريح,1,950,400,الإسكندرية
ORD-1373,2026-08-03 10:59:00,فستان صيفي مشجر,2,800,350,المنصورة
ORD-1226,2026-08-21 11:03:00,تيشرت قطن أبيض,2,350,150,المنيا
ORD-1261,2026-08-19 14:38:00,جاكيت جلد رجالي,1,1500,600,طنطا
ORD-1057,2026-08-21 19:16:00,بنطلون جينز أسود,1,600,250,القاهرة
ORD-1493,2026-08-10 16:26:00,فستان صيفي مشجر,1,800,350,القاهرة
ORD-1150,2026-08-06 22:13:00,سويت شيرت زيتي,2,500,220,المنصورة
ORD-1149,2026-08-17 12:37:00,هودي شتوي رمادي,1,700,300,المنصورة
ORD-1343,2026-08-14 12:18:00,بنطلون جينز أسود,2,600,250,المنصورة
ORD-1055,2026-08-25 18:25:00,حذاء رياضي مريح,3,950,400,القاهرة
ORD-1400,2026-08-16 23:11:00,هودي شتوي رمادي,2,700,300,الإسكندرية
ORD-1142,2026-08-01 09:19:00,حذاء رياضي مريح,2,950,400,المنيا
ORD-1222,2026-08-20 14:54:00,فستان صيفي مشجر,3,800,350,طنطا
ORD-1460,2026-08-10 16:13:00,فستان صيفي مشجر,1,800,350,طنطا
ORD-1057,2026-08-06 20:06:00,هودي شتوي رمادي,1,700,300,القاهرة
ORD-1058,2026-08-04 17:46:00,هودي شتوي رمادي,3,700,300,الجيزة
ORD-1286,2026-08-05 19:00:00,جاكيت جلد رجالي,3,1500,600,الجيزة
ORD-1166,2026-08-06 16:07:00,هودي شتوي رمادي,3,700,300,المنيا
ORD-1324,2026-08-20 19:55:00,جاكيت جلد رجالي,2,1500,600,القاهرة
ORD-1394,2026-08-27 17:28:00,حذاء رياضي مريح,1,950,400,القاهرة
ORD-1324,2026-08-06 11:21:00,سويت شيرت زيتي,2,500,220,المنصورة
ORD-1311,2026-08-24 23:39:00,هودي شتوي رمادي,1,700,300,القاهرة
ORD-1084,2026-08-27 20:36:00,حذاء رياضي مريح,2,950,400,الإسكندرية
ORD-1477,2026-08-11 09:14:00,حذاء رياضي مريح,1,950,400,القاهرة
ORD-1053,2026-08-06 19:01:00,بنطلون جينز أسود,3,600,250,الجيزة
ORD-1470,2026-08-01 09:02:00,قميص كاجوال كحلي,3,450,200,القاهرة
ORD-1435,2026-08-04 11:56:00,جاكيت جلد رجالي,2,1500,600,المنصورة
ORD-1136,2026-08-30 15:19:00,تيشرت قطن أبيض,3,350,150,المنصورة
ORD-1249,2026-08-30 10:13:00,بنطلون جينز أسود,2,600,250,طنطا
ORD-1066,2026-08-28 19:19:00,حذاء رياضي مريح,3,950,400,القاهرة
ORD-1171,2026-08-21 19:10:00,فستان صيفي مشجر,3,800,350,الجيزة
ORD-1019,2026-08-05 13:26:00,جاكيت جلد رجالي,2,1500,600,المنيا
ORD-1225,2026-08-21 17:29:00,جاكيت جلد رجالي,1,1500,600,الجيزة
ORD-1164,2026-08-17 19:11:00,حذاء رياضي مريح,3,950,400,القاهرة
ORD-1356,2026-08-13 14:32:00,هودي شتوي رمادي,2,700,300,الإسكندرية
ORD-1402,2026-08-10 14:10:00,حذاء رياضي مريح,2,950,400,الجيزة
ORD-1442,2026-08-15 13:02:00,قميص كاجوال كحلي,3,450,200,الإسكندرية
ORD-1325,2026-08-03 11:38:00,جاكيت جلد رجالي,1,1500,600,المنيا
ORD-1124,2026-08-23 12:54:00,سويت شيرت زيتي,3,500,220,القاهرة
ORD-1231,2026-08-10 21:00:00,بنطلون جينز أسود,3,600,250,القاهرة
ORD-1419,2026-08-15 20:59:00,جاكيت جلد رجالي,2,1500,600,طنطا
ORD-1250,2026-08-12 14:26:00,تيشرت قطن أبيض,1,350,150,القاهرة
ORD-1324,2026-08-26 22:19:00,جاكيت جلد رجالي,1,1500,600,الإسكندرية
ORD-1419,2026-08-24 12:43:00,تيشرت قطن أبيض,3,350,150,الجيزة
ORD-1340,2026-08-19 17:44:00,فستان صيفي مشجر,2,800,350,المنيا
ORD-1277,2026-08-12 22:29:00,فستان صيفي مشجر,3,800,350,المنصورة
ORD-1099,2026-08-19 14:59:00,حذاء رياضي مريح,1,950,400,المنيا
ORD-1391,2026-08-10 12:46:00,جاكيت جلد رجالي,3,1500,600,القاهرة
ORD-1415,2026-08-13 19:43:00,فستان صيفي مشجر,1,800,350,الإسكندرية
ORD-1096,2026-08-10 17:24:00,فستان صيفي مشجر,1,800,350,الإسكندرية
ORD-1100,2026-08-06 22:47:00,حذاء رياضي مريح,1,950,400,القاهرة
ORD-1203,2026-08-04 17:49:00,هودي شتوي رمادي,1,700,300,القاهرة
ORD-1238,2026-08-18 18:08:00,قميص كاجوال كحلي,3,450,200,طنطا
ORD-1181,2026-08-23 09:07:00,هودي شتوي رمادي,3,700,300,المنيا
ORD-1228,2026-08-16 18:45:00,جاكيت جلد رجالي,3,1500,600,المنصورة
ORD-1362,2026-08-17 10:57:00,جاكيت جلد رجالي,1,1500,600,القاهرة
ORD-1050,2026-08-16 12:26:00,جاكيت جلد رجالي,3,1500,600,المنيا
ORD-1349,2026-08-13 23:09:00,تيشرت قطن أبيض,2,350,150,طنطا
ORD-1032,2026-08-13 11:25:00,تيشرت قطن أبيض,1,350,150,طنطا
ORD-1395,2026-08-17 23:49:00,حذاء رياضي مريح,2,950,400,المنصورة
ORD-1467,2026-08-29 09:27:00,تيشرت قطن أبيض,2,350,150,المنيا
ORD-1353,2026-08-17 12:17:00,بنطلون جينز أسود,1,600,250,المنيا
ORD-1489,2026-08-08 15:24:00,فستان صيفي مشجر,2,800,350,المنصورة
ORD-1337,2026-08-01 19:19:00,جاكيت جلد رجالي,2,1500,600,المنيا
ORD-1147,2026-08-23 18:24:00,جاكيت جلد رجالي,1,1500,600,الجيزة
ORD-1402,2026-08-22 10:09:00,جاكيت جلد رجالي,3,1500,600,المنيا
ORD-1029,2026-08-09 21:53:00,جاكيت جلد رجالي,2,1500,600,المنيا
ORD-1077,2026-08-24 12:16:00,قميص كاجوال كحلي,3,450,200,القاهرة
ORD-1443,2026-08-11 23:15:00,جاكيت جلد رجالي,3,1500,600,الإسكندرية
ORD-1407,2026-08-14 17:41:00,سويت شيرت زيتي,1,500,220,القاهرة
ORD-1174,2026-08-14 22:43:00,هودي شتوي رمادي,3,700,300,الإسكندرية
ORD-1145,2026-08-25 19:31:00,تيشرت قطن أبيض,2,350,150,الإسكندرية
ORD-1326,2026-08-19 23:35:00,حذاء رياضي مريح,2,950,400,المنيا
ORD-1087,2026-08-24 11:56:00,تيشرت قطن أبيض,2,350,150,المنصورة
ORD-1190,2026-08-12 19:20:00,حذاء رياضي مريح,2,950,400,الإسكندرية
ORD-1258,2026-08-06 19:30:00,سويت شيرت زيتي,3,500,220,المنيا
ORD-1330,2026-08-13 23:26:00,جاكيت جلد رجالي,1,1500,600,الإسكندرية
ORD-1351,2026-08-03 18:17:00,هودي شتوي رمادي,2,700,300,الجيزة
ORD-1482,2026-08-13 09:01:00,حذاء رياضي مريح,1,950,400,الجيزة
ORD-1422,2026-08-01 20:38:00,تيشرت قطن أبيض,2,350,150,المنصورة
ORD-1212,2026-08-03 10:40:00,حذاء رياضي مريح,1,950,400,المنصورة
ORD-1014,2026-08-15 20:53:00,قميص كاجوال كحلي,3,450,200,القاهرة
ORD-1002,2026-08-02 20:26:00,بنطلون جينز أسود,3,600,250,الإسكندرية
ORD-1105,2026-08-10 23:18:00,حذاء رياضي مريح,1,950,400,المنصورة
ORD-1493,2026-08-05 17:47:00,جاكيت جلد رجالي,2,1500,600,المنصورة
ORD-1278,2026-08-28 23:58:00,بنطلون جينز أسود,3,600,250,المنصورة
ORD-1115,2026-08-11 19:54:00,سويت شيرت زيتي,2,500,220,المنيا
ORD-1230,2026-08-18 14:22:00,قميص كاجوال كحلي,3,450,200,طنطا
ORD-1080,2026-08-12 10:30:00,تيشرت قطن أبيض,3,350,150,الإسكندرية
ORD-1377,2026-08-18 10:29:00,جاكيت جلد رجالي,3,1500,600,المنصورة
ORD-1010,2026-08-22 18:03:00,تيشرت قطن أبيض,1,350,150,القاهرة
ORD-1496,2026-08-14 15:52:00,جاكيت جلد رجالي,2,1500,600,القاهرة
ORD-1337,2026-08-13 17:54:00,فستان صيفي مشجر,1,800,350,المنيا
ORD-1048,2026-08-02 21:54:00,تيشرت قطن أبيض,2,350,150,الإسكندرية
ORD-1079,2026-08-24 21:55:00,بنطلون جينز أسود,1,600,250,الإسكندرية
ORD-1437,2026-08-20 22:30:00,قميص كاجوال كحلي,1,450,200,الإسكندرية
ORD-1393,2026-08-18 16:00:00,جاكيت جلد رجالي,1,1500,600,الإسكندرية
ORD-1339,2026-08-09 10:08:00,قميص كاجوال كحلي,2,450,200,المنصورة
ORD-1346,2026-08-31 17:32:00,قميص كاجوال كحلي,1,450,200,المنصورة
ORD-1479,2026-08-24 09:58:00,فستان صيفي مشجر,2,800,350,المنيا
ORD-1184,2026-08-25 14:15:00,سويت شيرت زيتي,2,500,220,المنيا
ORD-1208,2026-08-21 20:05:00,قميص كاجوال كحلي,1,450,200,طنطا
ORD-1359,2026-08-09 16:13:00,فستان صيفي مشجر,3,800,350,القاهرة
ORD-1363,2026-08-08 16:20:00,فستان صيفي مشجر,3,800,350,المنيا
ORD-1309,2026-08-27 15:05:00,تيشرت قطن أبيض,1,350,150,الجيزة
ORD-1283,2026-08-27 13:42:00,حذاء رياضي مريح,1,950,400,طنطا
ORD-1475,2026-08-02 22:44:00,تيشرت قطن أبيض,3,350,150,المنصورة
ORD-1475,2026-08-21 16:29:00,فستان صيفي مشجر,2,800,350,المنيا
ORD-1115,2026-08-31 09:23:00,تيشرت قطن أبيض,2,350,150,المنصورة
ORD-1403,2026-08-22 16:52:00,فستان صيفي مشجر,1,800,350,طنطا
ORD-1419,2026-08-13 11:11:00,سويت شيرت زيتي,2,500,220,المنصورة
ORD-1203,2026-08-20 17:19:00,بنطلون جينز أسود,1,600,250,القاهرة
ORD-1105,2026-08-25 14:24:00,قميص كاجوال كحلي,3,450,200,المنصورة
ORD-1246,2026-08-23 12:02:00,سويت شيرت زيتي,3,500,220,المنصورة
ORD-1413,2026-08-16 14:27:00,فستان صيفي مشجر,1,800,350,طنطا
ORD-1309,2026-08-17 19:59:00,سويت شيرت زيتي,1,500,220,الإسكندرية
ORD-1358,2026-08-07 17:28:00,قميص كاجوال كحلي,3,450,200,المنصورة
ORD-1239,2026-08-28 10:50:00,تيشرت قطن أبيض,2,350,150,الإسكندرية
ORD-1484,2026-08-16 10:24:00,جاكيت جلد رجالي,3,1500,600,المنيا
ORD-1480,2026-08-26 16:27:00,سويت شيرت زيتي,2,500,220,طنطا
ORD-1494,2026-08-27 15:44:00,حذاء رياضي مريح,1,950,400,الإسكندرية
ORD-1156,2026-08-21 18:52:00,هودي شتوي رمادي,3,700,300,القاهرة
ORD-1364,2026-08-28 15:13:00,جاكيت جلد رجالي,3,1500,600,المنصورة
ORD-1011,2026-08-03 21:33:00,تيشرت قطن أبيض,1,350,150,المنيا
ORD-1256,2026-08-25 09:29:00,جاكيت جلد رجالي,3,1500,600,القاهرة
ORD-1488,2026-08-08 22:12:00,بنطلون جينز أسود,1,600,250,المنيا
ORD-1474,2026-08-19 21:09:00,فستان صيفي مشجر,3,800,350,الجيزة
ORD-1399,2026-08-05 10:20:00,حذاء رياضي مريح,1,950,400,القاهرة
ORD-1149,2026-08-08 17:58:00,حذاء رياضي مريح,2,950,400,المنيا
ORD-1248,2026-08-25 18:28:00,سويت شيرت زيتي,1,500,220,الإسكندرية
ORD-1187,2026-08-23 17:30:00,جاكيت جلد رجالي,2,1500,600,الجيزة
ORD-1383,2026-08-05 20:49:00,حذاء رياضي مريح,1,950,400,المنصورة
ORD-1001,2026-08-16 17:02:00,هودي شتوي رمادي,2,700,300,القاهرة
ORD-1463,2026-08-23 11:51:00,سويت شيرت زيتي,1,500,220,طنطا
ORD-1301,2026-08-18 21:53:00,قميص كاجوال كحلي,3,450,200,الإسكندرية
ORD-1374,2026-08-21 20:44:00,هودي شتوي رمادي,1,700,300,الإسكندرية
ORD-1243,2026-08-18 13:23:00,قميص كاجوال كحلي,1,450,200,القاهرة
ORD-1230,2026-08-12 10:14:00,بنطلون جينز أسود,1,600,250,طنطا
ORD-1072,2026-08-08 22:10:00,هودي شتوي رمادي,3,700,300,طنطا
ORD-1113,2026-08-24 16:06:00,فستان صيفي مشجر,1,800,350,القاهرة
ORD-1126,2026-08-16 12:30:00,فستان صيفي مشجر,1,800,350,المنصورة
ORD-1361,2026-08-20 23:46:00,هودي شتوي رمادي,3,700,300,الإسكندرية
ORD-1264,2026-08-29 18:20:00,بنطلون جينز أسود,3,600,250,القاهرة
ORD-1331,2026-08-01 17:00:00,قميص كاجوال كحلي,2,450,200,المنصورة
ORD-1290,2026-08-30 09:43:00,حذاء رياضي مريح,3,950,400,طنطا
ORD-1126,2026-08-05 12:29:00,حذاء رياضي مريح,1,950,400,طنطا
ORD-1159,2026-08-16 20:38:00,سويت شيرت زيتي,3,500,220,طنطا
ORD-1178,2026-08-20 22:43:00,جاكيت جلد رجالي,1,1500,600,الإسكندرية
ORD-1300,2026-08-12 22:02:00,جاكيت جلد رجالي,3,1500,600,المنيا
ORD-1263,2026-08-21 12:19:00,تيشرت قطن أبيض,1,350,150,الجيزة
ORD-1354,2026-08-04 10:26:00,بنطلون جينز أسود,1,600,250,المنيا
ORD-1179,2026-08-26 10:44:00,حذاء رياضي مريح,3,950,400,الجيزة
ORD-1332,2026-08-07 19:50:00,سويت شيرت زيتي,3,500,220,طنطا
ORD-1149,2026-08-27 18:15:00,حذاء رياضي مريح,2,950,400,القاهرة
ORD-1458,2026-08-15 13:11:00,بنطلون جينز أسود,3,600,250,المنصورة
ORD-1065,2026-08-25 18:31:00,جاكيت جلد رجالي,1,1500,600,المنيا
ORD-1418,2026-08-29 12:54:00,بنطلون جينز أسود,3,600,250,طنطا
ORD-1232,2026-08-11 19:51:00,بنطلون جينز أسود,2,600,250,طنطا
ORD-1329,2026-08-04 12:48:00,حذاء رياضي مريح,3,950,400,القاهرة
ORD-1152,2026-08-30 18:46:00,سويت شيرت زيتي,1,500,220,الإسكندرية
ORD-1074,2026-08-11 16:28:00,سويت شيرت زيتي,2,500,220,الإسكندرية
ORD-1256,2026-08-11 13:56:00,هودي شتوي رمادي,3,700,300,القاهرة
ORD-1006,2026-08-25 22:02:00,هودي شتوي رمادي,3,700,300,الجيزة
ORD-1049,2026-08-10 13:03:00,قميص كاجوال كحلي,1,450,200,الإسكندرية
ORD-1109,2026-08-12 10:46:00,قميص كاجوال كحلي,1,450,200,طنطا
ORD-1372,2026-08-06 17:18:00,قميص كاجوال كحلي,3,450,200,المنصورة
ORD-1092,2026-08-19 16:01:00,حذاء رياضي مريح,1,950,400,طنطا
ORD-1117,2026-08-11 18:16:00,بنطلون جينز أسود,1,600,250,القاهرة
ORD-1342,2026-08-23 13:16:00,جاكيت جلد رجالي,2,1500,600,المنصورة
ORD-1321,2026-08-31 18:03:00,سويت شيرت زيتي,1,500,220,المنصورة
ORD-1275,2026-08-06 23:33:00,هودي شتوي رمادي,1,700,300,الإسكندرية
ORD-1227,2026-08-27 15:04:00,جاكيت جلد رجالي,3,1500,600,المنيا
ORD-1281,2026-08-01 20:43:00,قميص كاجوال كحلي,1,450,200,القاهرة
ORD-1140,2026-08-25 19:20:00,حذاء رياضي مريح,2,950,400,المنيا
ORD-1152,2026-08-24 21:49:00,سويت شيرت زيتي,3,500,220,الجيزة
ORD-1329,2026-08-09 20:28:00,هودي شتوي رمادي,3,700,300,القاهرة
ORD-1161,2026-08-19 09:13:00,فستان صيفي مشجر,2,800,350,الإسكندرية
ORD-1263,2026-08-17 21:04:00,حذاء رياضي مريح,2,950,400,طنطا
ORD-1485,2026-08-08 21:07:00,هودي شتوي رمادي,2,700,300,المنيا
ORD-1183,2026-08-21 23:22:00,بنطلون جينز أسود,3,600,250,طنطا
ORD-1188,2026-08-19 13:23:00,تيشرت قطن أبيض,1,350,150,الجيزة
ORD-1368,2026-08-01 12:16:00,قميص كاجوال كحلي,2,450,200,المنصورة
ORD-1205,2026-08-19 13:26:00,بنطلون جينز أسود,2,600,250,الإسكندرية
ORD-1221,2026-08-11 15:12:00,بنطلون جينز أسود,1,600,250,الجيزة
ORD-1228,2026-08-26 11:01:00,هودي شتوي رمادي,1,700,300,المنيا
ORD-1331,2026-08-14 15:08:00,بنطلون جينز أسود,2,600,250,القاهرة
ORD-1097,2026-08-13 12:58:00,بنطلون جينز أسود,2,600,250,القاهرة
ORD-1159,2026-08-25 09:17:00,فستان صيفي مشجر,1,800,350,طنطا
ORD-1195,2026-08-28 19:35:00,قميص كاجوال كحلي,3,450,200,الإسكندرية
ORD-1056,2026-08-19 11:47:00,تيشرت قطن أبيض,3,350,150,المنصورة
ORD-1451,2026-08-10 14:27:00,فستان صيفي مشجر,1,800,350,الجيزة
ORD-1458,2026-08-31 13:51:00,سويت شيرت زيتي,1,500,220,المنصورة
ORD-1043,2026-08-12 16:32:00,هودي شتوي رمادي,2,700,300,طنطا
ORD-1173,2026-08-30 15:23:00,تيشرت قطن أبيض,3,350,150,المنيا
ORD-1017,2026-08-30 22:13:00,قميص كاجوال كحلي,1,450,200,الجيزة
ORD-1351,2026-08-23 22:29:00,تيشرت قطن أبيض,2,350,150,الجيزة
ORD-1027,2026-08-31 19:54:00,فستان صيفي مشجر,2,800,350,الإسكندرية
ORD-1265,2026-08-14 21:40:00,بنطلون جينز أسود,2,600,250,طنطا
ORD-1371,2026-08-18 23:06:00,سويت شيرت زيتي,3,500,220,المنصورة
ORD-1060,2026-08-17 11:50:00,فستان صيفي مشجر,3,800,350,المنيا
ORD-1255,2026-08-26 21:25:00,سويت شيرت زيتي,2,500,220,طنطا
ORD-1320,2026-08-27 17:18:00,سويت شيرت زيتي,2,500,220,الجيزة
ORD-1114,2026-08-10 21:55:00,قميص كاجوال كحلي,3,450,200,المنصورة
ORD-1036,2026-08-13 19:59:00,تيشرت قطن أبيض,2,350,150,المنصورة
ORD-1310,2026-08-17 20:09:00,تيشرت قطن أبيض,1,350,150,القاهرة
ORD-1148,2026-08-21 23:26:00,تيشرت قطن أبيض,1,350,150,المنيا
ORD-1358,2026-08-24 14:58:00,قميص كاجوال كحلي,2,450,200,القاهرة
ORD-1405,2026-08-08 18:56:00,قميص كاجوال كحلي,1,450,200,الإسكندرية
ORD-1176,2026-08-26 14:17:00,هودي شتوي رمادي,3,700,300,الإسكندرية
ORD-1466,2026-08-17 19:15:00,سويت شيرت زيتي,2,500,220,المنصورة
ORD-1008,2026-08-29 14:55:00,فستان صيفي مشجر,3,800,350,المنيا
ORD-1456,2026-08-13 18:47:00,تيشرت قطن أبيض,3,350,150,المنيا
ORD-1196,2026-08-16 18:47:00,بنطلون جينز أسود,2,600,250,المنصورة
ORD-1188,2026-08-15 21:13:00,فستان صيفي مشجر,2,800,350,المنيا
ORD-1271,2026-08-20 11:18:00,هودي شتوي رمادي,1,700,300,المنيا
ORD-1139,2026-08-21 23:24:00,بنطلون جينز أسود,1,600,250,الجيزة
ORD-1221,2026-08-23 23:30:00,سويت شيرت زيتي,1,500,220,الجيزة
ORD-1029,2026-08-26 11:53:00,حذاء رياضي مريح,3,950,400,الجيزة
ORD-1159,2026-08-09 20:38:00,تيشرت قطن أبيض,3,350,150,الإسكندرية
ORD-1307,2026-08-15 18:42:00,تيشرت قطن أبيض,1,350,150,القاهرة
ORD-1480,2026-08-22 16:41:00,جاكيت جلد رجالي,1,1500,600,المنيا
ORD-1174,2026-08-19 12:44:00,حذاء رياضي مريح,2,950,400,طنطا
ORD-1361,2026-08-15 15:33:00,فستان صيفي مشجر,1,800,350,المنصورة
ORD-1128,2026-08-15 19:47:00,حذاء رياضي مريح,1,950,400,المنيا
ORD-1257,2026-08-14 22:23:00,تيشرت قطن أبيض,3,350,150,القاهرة
ORD-1221,2026-08-16 17:55:00,فستان صيفي مشجر,1,800,350,الجيزة
ORD-1391,2026-08-23 14:04:00,هودي شتوي رمادي,3,700,300,القاهرة
ORD-1183,2026-08-06 18:50:00,قميص كاجوال كحلي,2,450,200,المنصورة
ORD-1341,2026-08-14 15:13:00,تيشرت قطن أبيض,1,350,150,طنطا
ORD-1235,2026-08-04 14:25:00,حذاء رياضي مريح,3,950,400,الإسكندرية
ORD-1300,2026-08-17 15:30:00,سويت شيرت زيتي,1,500,220,الجيزة
ORD-1244,2026-08-04 21:30:00,هودي شتوي رمادي,2,700,300,الجيزة
ORD-1311,2026-08-06 23:50:00,قميص كاجوال كحلي,1,450,200,الإسكندرية
ORD-1163,2026-08-11 17:45:00,قميص كاجوال كحلي,1,450,200,المنصورة
ORD-1214,2026-08-21 18:00:00,فستان صيفي مشجر,3,800,350,المنصورة
ORD-1204,2026-08-09 22:54:00,سويت شيرت زيتي,3,500,220,المنيا
ORD-1454,2026-08-23 13:31:00,جاكيت جلد رجالي,3,1500,600,الإسكندرية
ORD-1105,2026-08-20 23:13:00,بنطلون جينز أسود,1,600,250,الجيزة
ORD-1102,2026-08-18 20:37:00,قميص كاجوال كحلي,3,450,200,المنيا
ORD-1015,2026-08-31 10:31:00,تيشرت قطن أبيض,1,350,150,المنيا
ORD-1431,2026-08-17 20:17:00,جاكيت جلد رجالي,2,1500,600,المنصورة
ORD-1463,2026-08-27 19:29:00,هودي شتوي رمادي,3,700,300,المنصورة
ORD-1361,2026-08-05 11:38:00,سويت شيرت زيتي,2,500,220,الإسكندرية
ORD-1367,2026-08-08 16:30:00,فستان صيفي مشجر,3,800,350,القاهرة
ORD-1381,2026-08-19 11:50:00,جاكيت جلد رجالي,2,1500,600,الجيزة
ORD-1204,2026-08-07 20:15:00,فستان صيفي مشجر,2,800,350,طنطا
ORD-1367,2026-08-24 14:15:00,هودي شتوي رمادي,1,700,300,المنصورة
ORD-1446,2026-08-22 12:45:00,بنطلون جينز أسود,2,600,250,المنيا
ORD-1477,2026-08-29 21:26:00,تيشرت قطن أبيض,1,350,150,طنطا
ORD-1192,2026-08-07 12:47:00,بنطلون جينز أسود,1,600,250,الجيزة
ORD-1243,2026-08-28 11:19:00,فستان صيفي مشجر,3,800,350,المنصورة
ORD-1235,2026-08-05 21:25:00,سويت شيرت زيتي,2,500,220,المنصورة
ORD-1246,2026-08-30 23:51:00,حذاء رياضي مريح,3,950,400,القاهرة
ORD-1030,2026-08-05 21:00:00,هودي شتوي رمادي,3,700,300,طنطا
ORD-1204,2026-08-13 21:04:00,هودي شتوي رمادي,2,700,300,المنيا
ORD-1128,2026-08-02 19:59:00,سويت شيرت زيتي,2,500,220,المنصورة
ORD-1448,2026-08-18 12:18:00,تيشرت قطن أبيض,1,350,150,الإسكندرية
ORD-1485,2026-08-21 18:58:00,حذاء رياضي مريح,3,950,400,المنيا
ORD-1155,2026-08-18 21:55:00,فستان صيفي مشجر,1,800,350,الإسكندرية
ORD-1207,2026-08-04 10:18:00,تيشرت قطن أبيض,1,350,150,المنيا
ORD-1111,2026-08-01 14:47:00,فستان صيفي مشجر,3,800,350,طنطا
ORD-1190,2026-08-08 17:39:00,قميص كاجوال كحلي,1,450,200,طنطا
ORD-1225,2026-08-25 13:28:00,قميص كاجوال كحلي,2,450,200,الإسكندرية
ORD-1031,2026-08-01 16:00:00,جاكيت جلد رجالي,1,1500,600,القاهرة
ORD-1115,2026-08-28 10:21:00,قميص كاجوال كحلي,1,450,200,المنيا
ORD-1233,2026-08-02 17:53:00,هودي شتوي رمادي,2,700,300,المنيا
ORD-1498,2026-08-08 16:33:00,تيشرت قطن أبيض,2,350,150,الجيزة
ORD-1225,2026-08-25 20:19:00,حذاء رياضي مريح,1,950,400,المنصورة
ORD-1043,2026-08-05 19:25:00,جاكيت جلد رجالي,2,1500,600,القاهرة
ORD-1022,2026-08-02 21:25:00,حذاء رياضي مريح,3,950,400,طنطا
ORD-1083,2026-08-06 09:59:00,قميص كاجوال كحلي,1,450,200,المنصورة
ORD-1454,2026-08-07 13:57:00,بنطلون جينز أسود,2,600,250,الجيزة
ORD-1442,2026-08-04 13:55:00,فستان صيفي مشجر,2,800,350,طنطا
ORD-1418,2026-08-11 16:24:00,هودي شتوي رمادي,3,700,300,الإسكندرية
ORD-1144,2026-08-03 19:20:00,حذاء رياضي مريح,2,950,400,المنصورة
ORD-1099,2026-08-05 19:51:00,هودي شتوي رمادي,1,700,300,الإسكندرية
ORD-1210,2026-08-09 16:16:00,هودي شتوي رمادي,2,700,300,الجيزة
ORD-1295,2026-08-18 14:55:00,سويت شيرت زيتي,2,500,220,الجيزة
ORD-1355,2026-08-07 16:39:00,فستان صيفي مشجر,3,800,350,القاهرة
ORD-1461,2026-08-21 15:00:00,فستان صيفي مشجر,3,800,350,طنطا
ORD-1372,2026-08-22 17:34:00,سويت شيرت زيتي,1,500,220,طنطا
ORD-1379,2026-08-27 17:08:00,هودي شتوي رمادي,3,700,300,الإسكندرية
ORD-1001,2026-08-28 22:56:00,تيشرت قطن أبيض,2,350,150,القاهرة
ORD-1288,2026-08-07 23:08:00,قميص كاجوال كحلي,3,450,200,المنصورة
ORD-1199,2026-08-21 22:14:00,سويت شيرت زيتي,3,500,220,المنيا
ORD-1494,2026-08-17 21:56:00,بنطلون جينز أسود,2,600,250,الإسكندرية
ORD-1120,2026-08-01 12:54:00,سويت شيرت زيتي,3,500,220,المنصورة
ORD-1499,2026-08-30 17:24:00,بنطلون جينز أسود,2,600,250,طنطا
ORD-1369,2026-08-09 10:43:00,فستان صيفي مشجر,3,800,350,الجيزة
ORD-1291,2026-08-04 15:40:00,بنطلون جينز أسود,3,600,250,الجيزة
ORD-1166,2026-08-04 22:36:00,هودي شتوي رمادي,2,700,300,المنصورة
ORD-1367,2026-08-11 22:06:00,فستان صيفي مشجر,2,800,350,الإسكندرية
ORD-1405,2026-08-21 21:36:00,تيشرت قطن أبيض,3,350,150,طنطا
ORD-1464,2026-08-02 22:01:00,قميص كاجوال كحلي,3,450,200,المنصورة
ORD-1154,2026-08-11 16:06:00,هودي شتوي رمادي,3,700,300,المنيا
ORD-1398,2026-08-12 12:07:00,بنطلون جينز أسود,1,600,250,الإسكندرية
ORD-1330,2026-08-11 12:58:00,بنطلون جينز أسود,2,600,250,طنطا
ORD-1373,2026-08-04 11:36:00,تيشرت قطن أبيض,3,350,150,المنصورة
ORD-1163,2026-08-20 23:57:00,هودي شتوي رمادي,2,700,300,القاهرة
ORD-1191,2026-08-13 20:51:00,هودي شتوي رمادي,1,700,300,طنطا
ORD-1178,2026-08-28 15:44:00,سويت شيرت زيتي,1,500,220,القاهرة
ORD-1347,2026-08-30 23:29:00,جاكيت جلد رجالي,1,1500,600,المنيا
ORD-1127,2026-08-14 16:04:00,سويت شيرت زيتي,3,500,220,الجيزة
ORD-1347,2026-08-17 21:30:00,هودي شتوي رمادي,3,700,300,الجيزة
ORD-1275,2026-08-26 22:54:00,فستان صيفي مشجر,2,800,350,المنيا
ORD-1001,2026-08-27 14:04:00,سويت شيرت زيتي,1,500,220,المنصورة
ORD-1147,2026-08-08 18:57:00,تيشرت قطن أبيض,2,350,150,القاهرة
ORD-1126,2026-08-10 09:06:00,هودي شتوي رمادي,2,700,300,الجيزة
ORD-1250,2026-08-17 20:01:00,جاكيت جلد رجالي,2,1500,600,طنطا
ORD-1195,2026-08-09 23:12:00,تيشرت قطن أبيض,1,350,150,القاهرة
ORD-1213,2026-08-13 17:52:00,بنطلون جينز أسود,2,600,250,المنيا
ORD-1368,2026-08-31 23:07:00,حذاء رياضي مريح,1,950,400,الإسكندرية
ORD-1356,2026-08-24 17:26:00,حذاء رياضي مريح,2,950,400,الجيزة
ORD-1409,2026-08-04 20:11:00,بنطلون جينز أسود,2,600,250,طنطا
ORD-1231,2026-08-28 14:01:00,فستان صيفي مشجر,1,800,350,المنيا
ORD-1389,2026-08-13 17:47:00,حذاء رياضي مريح,2,950,400,المنيا
ORD-1405,2026-08-28 23:51:00,تيشرت قطن أبيض,1,350,150,المنصورة
ORD-1467,2026-08-22 21:19:00,بنطلون جينز أسود,2,600,250,المنيا
ORD-1115,2026-08-31 21:38:00,فستان صيفي مشجر,1,800,350,طنطا
ORD-1385,2026-08-26 23:17:00,قميص كاجوال كحلي,3,450,200,المنصورة
ORD-1263,2026-08-24 10:00:00,هودي شتوي رمادي,1,700,300,طنطا
ORD-1191,2026-08-23 22:34:00,حذاء رياضي مريح,1,950,400,المنصورة
ORD-1279,2026-08-18 11:29:00,قميص كاجوال كحلي,1,450,200,المنيا
ORD-1341,2026-08-15 19:13:00,جاكيت جلد رجالي,2,1500,600,المنيا
ORD-1334,2026-08-04 10:26:00,تيشرت قطن أبيض,3,350,150,القاهرة
ORD-1400,2026-08-14 10:05:00,قميص كاجوال كحلي,3,450,200,القاهرة
ORD-1242,2026-08-26 11:32:00,بنطلون جينز أسود,1,600,250,طنطا
ORD-1281,2026-08-04 10:16:00,حذاء رياضي مريح,2,950,400,القاهرة
ORD-1424,2026-08-13 18:01:00,قميص كاجوال كحلي,3,450,200,طنطا
ORD-1125,2026-08-04 18:57:00,حذاء رياضي مريح,2,950,400,القاهرة
ORD-1263,2026-08-02 19:01:00,جاكيت جلد رجالي,1,1500,600,طنطا
ORD-1051,2026-08-08 11:24:00,حذاء رياضي مريح,1,950,400,الإسكندرية
ORD-1159,2026-08-27 17:27:00,حذاء رياضي مريح,1,950,400,الجيزة
ORD-1264,2026-08-12 21:39:00,بنطلون جينز أسود,1,600,250,الإسكندرية
ORD-1185,2026-08-04 12:23:00,حذاء رياضي مريح,1,950,400,المنصورة
ORD-1174,2026-08-31 20:21:00,سويت شيرت زيتي,2,500,220,المنصورة
ORD-1448,2026-08-25 16:27:00,قميص كاجوال كحلي,3,450,200,المنصورة
ORD-1007,2026-08-03 18:04:00,حذاء رياضي مريح,1,950,400,الجيزة
ORD-1216,2026-08-24 14:38:00,بنطلون جينز أسود,2,600,250,الإسكندرية
ORD-1453,2026-08-12 13:15:00,فستان صيفي مشجر,1,800,350,الجيزة
ORD-1146,2026-08-23 18:17:00,قميص كاجوال كحلي,2,450,200,طنطا
ORD-1016,2026-08-07 21:59:00,سويت شيرت زيتي,1,500,220,الجيزة
ORD-1299,2026-08-28 19:00:00,بنطلون جينز أسود,2,600,250,طنطا
ORD-1493,2026-08-12 17:26:00,فستان صيفي مشجر,2,800,350,القاهرة
ORD-1025,2026-08-15 17:37:00,فستان صيفي مشجر,3,800,350,الجيزة
ORD-1150,2026-08-26 10:44:00,حذاء رياضي مريح,1,950,400,المنيا
ORD-1367,2026-08-13 22:19:00,سويت شيرت زيتي,3,500,220,الجيزة
ORD-1112,2026-08-02 22:44:00,جاكيت جلد رجالي,2,1500,600,الجيزة
ORD-1435,2026-08-05 17:38:00,تيشرت قطن أبيض,2,350,150,الإسكندرية
ORD-1096,2026-08-04 23:49:00,فستان صيفي مشجر,3,800,350,الجيزة
ORD-1038,2026-08-12 13:30:00,فستان صيفي مشجر,3,800,350,الجيزة
ORD-1077,2026-08-29 22:46:00,حذاء رياضي مريح,1,950,400,المنصورة
ORD-1140,2026-08-27 17:52:00,بنطلون جينز أسود,2,600,250,المنيا
ORD-1383,2026-08-25 18:03:00,جاكيت جلد رجالي,2,1500,600,المنصورة
ORD-1371,2026-08-25 09:48:00,فستان صيفي مشجر,2,800,350,طنطا
ORD-1444,2026-08-02 09:28:00,بنطلون جينز أسود,2,600,250,المنصورة
ORD-1168,2026-08-22 17:29:00,جاكيت جلد رجالي,2,1500,600,المنيا
ORD-1296,2026-08-14 11:16:00,قميص كاجوال كحلي,1,450,200,الجيزة
ORD-1052,2026-08-19 12:41:00,حذاء رياضي مريح,2,950,400,الإسكندرية
ORD-1037,2026-08-15 16:47:00,تيشرت قطن أبيض,2,350,150,الإسكندرية
ORD-1023,2026-08-19 21:10:00,حذاء رياضي مريح,3,950,400,المنيا
ORD-1100,2026-08-24 19:36:00,تيشرت قطن أبيض,2,350,150,طنطا
ORD-1247,2026-08-24 21:00:00,سويت شيرت زيتي,2,500,220,المنصورة
ORD-1201,2026-08-15 18:57:00,بنطلون جينز أسود,2,600,250,المنصورة
ORD-1009,2026-08-25 12:57:00,حذاء رياضي مريح,3,950,400,المنيا
ORD-1127,2026-08-08 13:13:00,حذاء رياضي مريح,2,950,400,المنصورة
ORD-1076,2026-08-19 18:35:00,فستان صيفي مشجر,3,800,350,طنطا
ORD-1398,2026-08-07 21:55:00,جاكيت جلد رجالي,2,1500,600,القاهرة
ORD-1250,2026-08-23 17:47:00,بنطلون جينز أسود,2,600,250,الإسكندرية
ORD-1305,2026-08-09 21:22:00,جاكيت جلد رجالي,2,1500,600,القاهرة
ORD-1106,2026-08-13 11:07:00,سويت شيرت زيتي,3,500,220,الإسكندرية
ORD-1492,2026-08-07 10:35:00,بنطلون جينز أسود,1,600,250,القاهرة
ORD-1084,2026-08-25 18:51:00,تيشرت قطن أبيض,1,350,150,الجيزة
ORD-1469,2026-08-06 13:01:00,بنطلون جينز أسود,3,600,250,القاهرة
ORD-1151,2026-08-17 13:36:00,جاكيت جلد رجالي,2,1500,600,المنيا
ORD-1453,2026-08-14 14:20:00,حذاء رياضي مريح,2,950,400,القاهرة
ORD-1162,2026-08-24 13:56:00,حذاء رياضي مريح,1,950,400,المنيا
ORD-1485,2026-08-12 22:59:00,حذاء رياضي مريح,3,950,400,الجيزة
ORD-1417,2026-08-01 11:54:00,هودي شتوي رمادي,3,700,300,طنطا
ORD-1024,2026-08-24 18:17:00,حذاء رياضي مريح,1,950,400,طنطا
ORD-1357,2026-08-04 10:44:00,فستان صيفي مشجر,2,800,350,القاهرة
ORD-1391,2026-08-06 12:18:00,تيشرت قطن أبيض,3,350,150,الإسكندرية
ORD-1319,2026-08-02 11:57:00,بنطلون جينز أسود,2,600,250,الإسكندرية
ORD-1381,2026-08-22 15:35:00,هودي شتوي رمادي,3,700,300,المنصورة
ORD-1297,2026-08-21 17:40:00,هودي شتوي رمادي,2,700,300,القاهرة
ORD-1437,2026-08-19 10:13:00,بنطلون جينز أسود,3,600,250,المنيا
ORD-1332,2026-08-13 19:05:00,هودي شتوي رمادي,1,700,300,القاهرة
ORD-1224,2026-08-27 18:17:00,قميص كاجوال كحلي,3,450,200,الجيزة
ORD-1331,2026-08-20 22:51:00,حذاء رياضي مريح,2,950,400,المنيا
ORD-1192,2026-08-20 10:30:00,قميص كاجوال كحلي,3,450,200,المنصورة
ORD-1465,2026-08-06 22:46:00,فستان صيفي مشجر,1,800,350,الإسكندرية
ORD-1292,2026-08-21 16:40:00,قميص كاجوال كحلي,3,450,200,القاهرة
ORD-1490,2026-08-18 19:43:00,فستان صيفي مشجر,3,800,350,طنطا
ORD-1364,2026-08-18 19:44:00,جاكيت جلد رجالي,2,1500,600,القاهرة
ORD-1201,2026-08-28 19:13:00,حذاء رياضي مريح,2,950,400,طنطا
ORD-1184,2026-08-25 09:07:00,فستان صيفي مشجر,2,800,350,الجيزة
ORD-1158,2026-08-29 11:12:00,بنطلون جينز أسود,2,600,250,الجيزة
ORD-1354,2026-08-24 10:12:00,هودي شتوي رمادي,2,700,300,الإسكندرية
ORD-1461,2026-08-18 13:10:00,سويت شيرت زيتي,2,500,220,القاهرة
ORD-1039,2026-08-14 20:47:00,تيشرت قطن أبيض,3,350,150,طنطا
ORD-1009,2026-08-24 15:20:00,بنطلون جينز أسود,2,600,250,طنطا
ORD-1423,2026-08-12 14:30:00,فستان صيفي مشجر,1,800,350,القاهرة
ORD-1333,2026-08-04 17:34:00,حذاء رياضي مريح,3,950,400,المنيا
ORD-1432,2026-08-01 10:56:00,سويت شيرت زيتي,2,500,220,القاهرة
ORD-1165,2026-08-21 12:27:00,قميص كاجوال كحلي,2,450,200,الإسكندرية
ORD-1124,2026-08-16 18:12:00,سويت شيرت زيتي,2,500,220,الإسكندرية
ORD-1122,2026-08-13 20:04:00,بنطلون جينز أسود,3,600,250,المنيا
ORD-1391,2026-08-03 13:37:00,جاكيت جلد رجالي,2,1500,600,الإسكندرية
ORD-1109,2026-08-01 15:14:00,جاكيت جلد رجالي,2,1500,600,القاهرة
ORD-1022,2026-08-15 14:31:00,حذاء رياضي مريح,3,950,400,المنصورة
ORD-1142,2026-08-22 09:35:00,حذاء رياضي مريح,3,950,400,الإسكندرية
ORD-1356,2026-08-26 10:05:00,قميص كاجوال كحلي,3,450,200,القاهرة
ORD-1400,2026-08-25 14:29:00,تيشرت قطن أبيض,1,350,150,القاهرة
ORD-1435,2026-08-09 16:59:00,سويت شيرت زيتي,2,500,220,القاهرة
ORD-1496,2026-08-04 13:38:00,هودي شتوي رمادي,3,700,300,المنصورة
ORD-1175,2026-08-19 20:00:00,حذاء رياضي مريح,1,950,400,المنيا
ORD-1299,2026-08-03 12:49:00,جاكيت جلد رجالي,1,1500,600,الجيزة
ORD-1329,2026-08-13 10:43:00,فستان صيفي مشجر,1,800,350,المنيا
ORD-1422,2026-08-15 14:50:00,فستان صيفي مشجر,2,800,350,الجيزة
ORD-1124,2026-08-29 09:13:00,حذاء رياضي مريح,1,950,400,طنطا
ORD-1246,2026-08-15 10:59:00,هودي شتوي رمادي,2,700,300,القاهرة
ORD-1413,2026-08-16 19:17:00,فستان صيفي مشجر,3,800,350,طنطا
ORD-1262,2026-08-24 17:13:00,هودي شتوي رمادي,1,700,300,الإسكندرية
ORD-1174,2026-08-22 09:25:00,تيشرت قطن أبيض,2,350,150,الجيزة
ORD-1394,2026-08-22 23:33:00,تيشرت قطن أبيض,2,350,150,الإسكندرية
ORD-1396,2026-08-16 11:53:00,قميص كاجوال كحلي,1,450,200,الإسكندرية
ORD-1243,2026-08-20 14:18:00,حذاء رياضي مريح,3,950,400,الإسكندرية
ORD-1216,2026-08-12 16:43:00,تيشرت قطن أبيض,1,350,150,المنصورة
ORD-1293,2026-08-14 19:45:00,تيشرت قطن أبيض,1,350,150,الإسكندرية
ORD-1221,2026-08-01 10:09:00,هودي شتوي رمادي,1,700,300,الإسكندرية
ORD-1181,2026-08-24 20:22:00,فستان صيفي مشجر,2,800,350,المنيا
ORD-1245,2026-08-04 10:15:00,جاكيت جلد رجالي,1,1500,600,الإسكندرية
ORD-1240,2026-08-05 18:16:00,سويت شيرت زيتي,2,500,220,المنيا
ORD-1101,2026-08-06 17:22:00,فستان صيفي مشجر,2,800,350,القاهرة
ORD-1373,2026-08-24 23:09:00,قميص كاجوال كحلي,2,450,200,الجيزة
ORD-1055,2026-08-19 13:22:00,جاكيت جلد رجالي,2,1500,600,الإسكندرية
ORD-1009,2026-08-05 12:17:00,فستان صيفي مشجر,2,800,350,المنيا
ORD-1174,2026-08-03 13:23:00,جاكيت جلد رجالي,3,1500,600,المنصورة
ORD-1002,2026-08-08 20:04:00,تيشرت قطن أبيض,1,350,150,المنيا
ORD-1019,2026-08-28 15:18:00,حذاء رياضي مريح,2,950,400,طنطا
ORD-1233,2026-08-11 16:16:00,جاكيت جلد رجالي,1,1500,600,الجيزة
ORD-1466,2026-08-22 10:56:00,حذاء رياضي مريح,2,950,400,المنيا
ORD-1451,2026-08-11 15:30:00,تيشرت قطن أبيض,2,350,150,الجيزة
ORD-1450,2026-08-11 23:25:00,بنطلون جينز أسود,1,600,250,القاهرة
ORD-1118,2026-08-22 14:57:00,قميص كاجوال كحلي,1,450,200,الجيزة
ORD-1129,2026-08-06 14:55:00,تيشرت قطن أبيض,3,350,150,القاهرة
ORD-1457,2026-08-26 16:01:00,جاكيت جلد رجالي,1,1500,600,الإسكندرية
ORD-1447,2026-08-19 12:47:00,فستان صيفي مشجر,1,800,350,المنصورة
ORD-1121,2026-08-11 11:31:00,بنطلون جينز أسود,3,600,250,القاهرة
ORD-1330,2026-08-29 13:54:00,قميص كاجوال كحلي,2,450,200,الجيزة
ORD-1181,2026-08-01 13:19:00,حذاء رياضي مريح,1,950,400,المنصورة
ORD-1429,2026-08-14 20:36:00,هودي شتوي رمادي,2,700,300,الإسكندرية
ORD-1482,2026-08-21 19:11:00,هودي شتوي رمادي,3,700,300,المنيا
ORD-1063,2026-08-17 17:09:00,بنطلون جينز أسود,1,600,250,الإسكندرية
ORD-1456,2026-08-21 12:03:00,سويت شيرت زيتي,2,500,220,طنطا
ORD-1485,2026-08-10 16:50:00,جاكيت جلد رجالي,1,1500,600,الجيزة
ORD-1198,2026-08-04 23:01:00,حذاء رياضي مريح,1,950,400,القاهرة
ORD-1230,2026-08-20 15:46:00,قميص كاجوال كحلي,2,450,200,الإسكندرية
ORD-1065,2026-08-18 12:15:00,جاكيت جلد رجالي,1,1500,600,القاهرة
ORD-1227,2026-08-17 18:26:00,هودي شتوي رمادي,2,700,300,المنيا
ORD-1394,2026-08-20 19:29:00,هودي شتوي رمادي,3,700,300,المنيا
ORD-1124,2026-08-11 11:08:00,فستان صيفي مشجر,3,800,350,الإسكندرية
ORD-1018,2026-08-25 11:02:00,بنطلون جينز أسود,1,600,250,المنيا
ORD-1175,2026-08-14 11:49:00,جاكيت جلد رجالي,1,1500,600,طنطا
ORD-1382,2026-08-30 10:48:00,قميص كاجوال كحلي,2,450,200,الإسكندرية
ORD-1318,2026-08-06 21:21:00,بنطلون جينز أسود,3,600,250,الإسكندرية
ORD-1483,2026-08-31 19:53:00,فستان صيفي مشجر,2,800,350,الجيزة
ORD-1456,2026-08-26 13:30:00,هودي شتوي رمادي,2,700,300,الجيزة
ORD-1096,2026-08-26 23:39:00,قميص كاجوال كحلي,1,450,200,المنيا
ORD-1150,2026-08-11 23:26:00,جاكيت جلد رجالي,1,1500,600,طنطا
ORD-1496,2026-08-09 19:33:00,حذاء رياضي مريح,1,950,400,المنيا
ORD-1176,2026-08-12 16:40:00,جاكيت جلد رجالي,3,1500,600,المنيا
ORD-1314,2026-08-11 21:03:00,بنطلون جينز أسود,1,600,250,الإسكندرية
ORD-1420,2026-08-29 13:03:00,سويت شيرت زيتي,3,500,220,الإسكندرية
ORD-1423,2026-08-23 13:57:00,سويت شيرت زيتي,2,500,220,الجيزة
ORD-1427,2026-08-11 20:35:00,تيشرت قطن أبيض,1,350,150,المنصورة
ORD-1371,2026-08-22 10:02:00,جاكيت جلد رجالي,3,1500,600,المنصورة
ORD-1102,2026-08-23 22:10:00,سويت شيرت زيتي,3,500,220,الإسكندرية
ORD-1246,2026-08-28 09:19:00,بنطلون جينز أسود,1,600,250,القاهرة
ORD-1309,2026-08-07 10:28:00,حذاء رياضي مريح,1,950,400,القاهرة
ORD-1291,2026-08-14 15:20:00,جاكيت جلد رجالي,1,1500,600,القاهرة
ORD-1291,2026-08-21 21:35:00,حذاء رياضي مريح,3,950,400,المنصورة
ORD-1322,2026-08-03 12:56:00,هودي شتوي رمادي,2,700,300,المنيا
ORD-1281,2026-08-03 23:12:00,هودي شتوي رمادي,2,700,300,المنيا
ORD-1279,2026-08-24 15:37:00,فستان صيفي مشجر,3,800,350,الإسكندرية
ORD-1189,2026-08-27 20:26:00,سويت شيرت زيتي,3,500,220,الجيزة
ORD-1254,2026-08-14 20:23:00,قميص كاجوال كحلي,1,450,200,طنطا
ORD-1003,2026-08-31 10:19:00,جاكيت جلد رجالي,3,1500,600,القاهرة
ORD-1230,2026-08-13 21:26:00,بنطلون جينز أسود,1,600,250,طنطا
ORD-1334,2026-08-23 13:26:00,حذاء رياضي مريح,2,950,400,الإسكندرية
ORD-1066,2026-08-15 11:24:00,حذاء رياضي مريح,2,950,400,الإسكندرية
ORD-1235,2026-08-14 21:35:00,فستان صيفي مشجر,3,800,350,القاهرة
ORD-1075,2026-08-21 14:14:00,فستان صيفي مشجر,1,800,350,الإسكندرية
ORD-1247,2026-08-22 21:57:00,سويت شيرت زيتي,1,500,220,القاهرة
ORD-1280,2026-08-25 21:38:00,فستان صيفي مشجر,1,800,350,الجيزة
ORD-1376,2026-08-03 21:17:00,بنطلون جينز أسود,1,600,250,طنطا
ORD-1390,2026-08-11 20:32:00,سويت شيرت زيتي,1,500,220,القاهرة
ORD-1063,2026-08-26 13:04:00,سويت شيرت زيتي,1,500,220,المنيا
ORD-1454,2026-08-02 15:52:00,قميص كاجوال كحلي,3,450,200,القاهرة
ORD-1302,2026-08-27 21:39:00,حذاء رياضي مريح,3,950,400,طنطا
ORD-1172,2026-08-05 17:34:00,جاكيت جلد رجالي,3,1500,600,القاهرة
ORD-1488,2026-08-13 12:13:00,جاكيت جلد رجالي,1,1500,600,الجيزة
ORD-1485,2026-08-26 21:09:00,تيشرت قطن أبيض,2,350,150,المنصورة
ORD-1288,2026-08-23 16:02:00,قميص كاجوال كحلي,2,450,200,الجيزة
ORD-1268,2026-08-17 14:16:00,سويت شيرت زيتي,3,500,220,طنطا
ORD-1442,2026-08-31 20:20:00,بنطلون جينز أسود,1,600,250,المنصورة
ORD-1485,2026-08-09 16:51:00,حذاء رياضي مريح,3,950,400,المنيا
ORD-1017,2026-08-22 13:03:00,جاكيت جلد رجالي,2,1500,600,الإسكندرية
ORD-1447,2026-08-04 14:44:00,هودي شتوي رمادي,1,700,300,القاهرة
ORD-1218,2026-08-06 14:05:00,جاكيت جلد رجالي,1,1500,600,طنطا
ORD-1225,2026-08-23 22:06:00,فستان صيفي مشجر,3,800,350,الجيزة
ORD-1242,2026-08-29 10:01:00,هودي شتوي رمادي,1,700,300,طنطا
ORD-1049,2026-08-02 21:04:00,جاكيت جلد رجالي,1,1500,600,القاهرة
ORD-1002,2026-08-22 19:50:00,هودي شتوي رمادي,2,700,300,الإسكندرية
ORD-1023,2026-08-09 17:31:00,جاكيت جلد رجالي,2,1500,600,الإسكندرية
ORD-1353,2026-08-16 14:57:00,تيشرت قطن أبيض,3,350,150,المنيا
ORD-1103,2026-08-12 19:21:00,بنطلون جينز أسود,2,600,250,الجيزة
ORD-1182,2026-08-10 11:42:00,جاكيت جلد رجالي,1,1500,600,المنصورة
ORD-1480,2026-08-16 09:42:00,فستان صيفي مشجر,2,800,350,الجيزة
ORD-1190,2026-08-18 16:58:00,قميص كاجوال كحلي,3,450,200,المنصورة
ORD-1392,2026-08-13 19:35:00,حذاء رياضي مريح,1,950,400,الجيزة
ORD-1271,2026-08-26 23:14:00,قميص كاجوال كحلي,1,450,200,طنطا
ORD-1134,2026-08-30 20:03:00,فستان صيفي مشجر,3,800,350,الإسكندرية
ORD-1046,2026-08-24 23:25:00,تيشرت قطن أبيض,2,350,150,المنصورة
ORD-1072,2026-08-17 19:53:00,هودي شتوي رمادي,3,700,300,المنصورة
ORD-1444,2026-08-10 22:09:00,قميص كاجوال كحلي,3,450,200,الإسكندرية
ORD-1282,2026-08-02 23:15:00,تيشرت قطن أبيض,1,350,150,المنيا
ORD-1292,2026-08-25 21:37:00,قميص كاجوال كحلي,3,450,200,المنصورة
ORD-1121,2026-08-14 13:01:00,قميص كاجوال كحلي,3,450,200,الإسكندرية
ORD-1170,2026-08-10 15:25:00,حذاء رياضي مريح,1,950,400,الجيزة
ORD-1498,2026-08-13 17:10:00,فستان صيفي مشجر,3,800,350,الإسكندرية
ORD-1201,2026-08-07 15:47:00,حذاء رياضي مريح,2,950,400,المنيا
ORD-1051,2026-08-23 13:07:00,بنطلون جينز أسود,2,600,250,القاهرة
ORD-1321,2026-08-27 18:39:00,جاكيت جلد رجالي,2,1500,600,الجيزة
ORD-1107,2026-08-16 17:17:00,بنطلون جينز أسود,2,600,250,المنيا
ORD-1370,2026-08-21 09:55:00,بنطلون جينز أسود,1,600,250,المنصورة
ORD-1428,2026-08-25 16:55:00,جاكيت جلد رجالي,1,1500,600,القاهرة
ORD-1252,2026-08-24 16:50:00,فستان صيفي مشجر,2,800,350,المنصورة
ORD-1455,2026-08-13 14:19:00,حذاء رياضي مريح,2,950,400,المنصورة
ORD-1036,2026-08-12 12:24:00,فستان صيفي مشجر,1,800,350,الإسكندرية
ORD-1093,2026-08-13 09:00:00,فستان صيفي مشجر,1,800,350,طنطا
ORD-1328,2026-08-21 13:56:00,قميص كاجوال كحلي,2,450,200,المنيا
ORD-1128,2026-08-18 10:24:00,جاكيت جلد رجالي,1,1500,600,الإسكندرية
ORD-1425,2026-08-05 10:57:00,بنطلون جينز أسود,3,600,250,القاهرة
ORD-1369,2026-08-10 23:12:00,سويت شيرت زيتي,1,500,220,طنطا
ORD-1110,2026-08-10 10:20:00,سويت شيرت زيتي,3,500,220,طنطا
ORD-1184,2026-08-09 11:30:00,هودي شتوي رمادي,2,700,300,القاهرة
ORD-1434,2026-08-22 09:20:00,بنطلون جينز أسود,1,600,250,الجيزة
ORD-1100,2026-08-15 23:58:00,قميص كاجوال كحلي,1,450,200,المنصورة
ORD-1249,2026-08-19 21:54:00,هودي شتوي رمادي,3,700,300,الجيزة
ORD-1205,2026-08-25 19:23:00,فستان صيفي مشجر,3,800,350,طنطا
ORD-1214,2026-08-19 22:04:00,قميص كاجوال كحلي,3,450,200,طنطا
ORD-1022,2026-08-09 21:06:00,بنطلون جينز أسود,1,600,250,المنيا
ORD-1106,2026-08-08 20:39:00,قميص كاجوال كحلي,3,450,200,الجيزة
ORD-1092,2026-08-23 14:02:00,سويت شيرت زيتي,3,500,220,الجيزة
ORD-1382,2026-08-05 11:15:00,تيشرت قطن أبيض,3,350,150,الإسكندرية
ORD-1081,2026-08-16 18:59:00,بنطلون جينز أسود,3,600,250,المنيا
ORD-1065,2026-08-28 18:28:00,بنطلون جينز أسود,3,600,250,الجيزة
ORD-1303,2026-08-09 15:19:00,سويت شيرت زيتي,2,500,220,القاهرة
ORD-1404,2026-08-25 23:42:00,هودي شتوي رمادي,1,700,300,طنطا
ORD-1470,2026-08-19 17:33:00,جاكيت جلد رجالي,2,1500,600,القاهرة
ORD-1293,2026-08-27 17:09:00,جاكيت جلد رجالي,2,1500,600,الإسكندرية
ORD-1364,2026-08-24 11:16:00,سويت شيرت زيتي,2,500,220,المنيا
ORD-1204,2026-08-09 23:32:00,جاكيت جلد رجالي,3,1500,600,طنطا
ORD-1461,2026-08-15 22:06:00,حذاء رياضي مريح,2,950,400,المنيا
ORD-1410,2026-08-15 18:46:00,تيشرت قطن أبيض,1,350,150,المنيا
ORD-1076,2026-08-09 09:40:00,هودي شتوي رمادي,2,700,300,الإسكندرية
ORD-1195,2026-08-29 15:34:00,تيشرت قطن أبيض,3,350,150,الإسكندرية
ORD-1301,2026-08-23 13:34:00,هودي شتوي رمادي,2,700,300,القاهرة
ORD-1486,2026-08-25 16:40:00,سويت شيرت زيتي,2,500,220,طنطا
ORD-1125,2026-08-20 10:28:00,سويت شيرت زيتي,1,500,220,الجيزة
ORD-1039,2026-08-15 22:50:00,حذاء رياضي مريح,1,950,400,الجيزة
ORD-1363,2026-08-21 16:47:00,حذاء رياضي مريح,1,950,400,الجيزة
ORD-1442,2026-08-30 20:44:00,حذاء رياضي مريح,3,950,400,طنطا
ORD-1381,2026-08-31 14:55:00,هودي شتوي رمادي,3,700,300,الجيزة
ORD-1228,2026-08-15 17:28:00,بنطلون جينز أسود,3,600,250,المنصورة
ORD-1062,2026-08-16 21:10:00,فستان صيفي مشجر,2,800,350,الجيزة
ORD-1395,2026-08-28 12:44:00,هودي شتوي رمادي,2,700,300,المنيا
ORD-1028,2026-08-16 17:56:00,سويت شيرت زيتي,1,500,220,المنصورة
ORD-1174,2026-08-28 11:48:00,قميص كاجوال كحلي,1,450,200,الجيزة
ORD-1487,2026-08-26 21:10:00,سويت شيرت زيتي,2,500,220,المنيا
ORD-1101,2026-08-31 09:19:00,تيشرت قطن أبيض,3,350,150,الجيزة
ORD-1387,2026-08-16 17:58:00,جاكيت جلد رجالي,1,1500,600,المنيا
ORD-1126,2026-08-22 15:29:00,قميص كاجوال كحلي,2,450,200,الجيزة
ORD-1264,2026-08-25 16:12:00,فستان صيفي مشجر,1,800,350,الجيزة
ORD-1349,2026-08-31 15:51:00,فستان صيفي مشجر,2,800,350,القاهرة
ORD-1091,2026-08-22 15:29:00,فستان صيفي مشجر,3,800,350,طنطا
ORD-1449,2026-08-29 15:37:00,بنطلون جينز أسود,3,600,250,القاهرة
ORD-1257,2026-08-24 17:43:00,جاكيت جلد رجالي,1,1500,600,القاهرة
ORD-1327,2026-08-03 17:48:00,جاكيت جلد رجالي,2,1500,600,المنيا
ORD-1447,2026-08-15 22:45:00,تيشرت قطن أبيض,2,350,150,القاهرة
ORD-1318,2026-08-07 21:56:00,تيشرت قطن أبيض,3,350,150,الإسكندرية
ORD-1360,2026-08-21 14:25:00,قميص كاجوال كحلي,3,450,200,الإسكندرية
ORD-1395,2026-08-10 23:25:00,تيشرت قطن أبيض,1,350,150,الإسكندرية
ORD-1204,2026-08-11 20:13:00,سويت شيرت زيتي,1,500,220,المنصورة
ORD-1212,2026-08-04 23:38:00,بنطلون جينز أسود,1,600,250,المنيا
ORD-1200,2026-08-31 09:05:00,سويت شيرت زيتي,3,500,220,طنطا
ORD-1486,2026-08-07 17:48:00,جاكيت جلد رجالي,2,1500,600,القاهرة
ORD-1487,2026-08-28 14:05:00,فستان صيفي مشجر,3,800,350,الإسكندرية
ORD-1044,2026-08-25 10:02:00,قميص كاجوال كحلي,3,450,200,الإسكندرية
ORD-1483,2026-08-18 14:26:00,تيشرت قطن أبيض,3,350,150,طنطا
ORD-1087,2026-08-10 17:55:00,تيشرت قطن أبيض,2,350,150,طنطا
ORD-1356,2026-08-30 13:59:00,فستان صيفي مشجر,1,800,350,المنصورة
ORD-1174,2026-08-03 19:20:00,بنطلون جينز أسود,1,600,250,المنيا
ORD-1251,2026-08-19 20:04:00,بنطلون جينز أسود,3,600,250,الجيزة
ORD-1298,2026-08-10 14:23:00,فستان صيفي مشجر,2,800,350,الإسكندرية
ORD-1246,2026-08-01 17:21:00,قميص كاجوال كحلي,3,450,200,المنيا
ORD-1188,2026-08-26 09:25:00,سويت شيرت زيتي,2,500,220,القاهرة
ORD-1137,2026-08-07 17:13:00,تيشرت قطن أبيض,3,350,150,القاهرة
ORD-1324,2026-08-10 13:59:00,جاكيت جلد رجالي,2,1500,600,المنيا
ORD-1245,2026-08-28 15:12:00,هودي شتوي رمادي,2,700,300,المنيا
ORD-1272,2026-08-15 16:41:00,تيشرت قطن أبيض,3,350,150,المنصورة
ORD-1382,2026-08-22 17:34:00,فستان صيفي مشجر,3,800,350,المنصورة
ORD-1202,2026-08-24 17:52:00,قميص كاجوال كحلي,3,450,200,الإسكندرية
ORD-1233,2026-08-03 14:42:00,سويت شيرت زيتي,1,500,220,القاهرة
ORD-1229,2026-08-15 16:35:00,قميص كاجوال كحلي,3,450,200,طنطا
ORD-1119,2026-08-11 15:52:00,سويت شيرت زيتي,1,500,220,المنيا
ORD-1408,2026-08-13 17:17:00,هودي شتوي رمادي,2,700,300,القاهرة
ORD-1176,2026-08-07 17:28:00,تيشرت قطن أبيض,2,350,150,طنطا
ORD-1246,2026-08-22 23:04:00,قميص كاجوال كحلي,1,450,200,الإسكندرية
ORD-1089,2026-08-22 21:25:00,قميص كاجوال كحلي,2,450,200,الجيزة
ORD-1023,2026-08-30 15:22:00,فستان صيفي مشجر,2,800,350,طنطا
ORD-1147,2026-08-26 22:12:00,بنطلون جينز أسود,1,600,250,القاهرة
ORD-1337,2026-08-12 10:17:00,تيشرت قطن أبيض,3,350,150,المنيا
ORD-1486,2026-08-01 13:44:00,جاكيت جلد رجالي,2,1500,600,المنصورة
ORD-1435,2026-08-16 21:43:00,جاكيت جلد رجالي,1,1500,600,القاهرة
ORD-1467,2026-08-29 10:08:00,بنطلون جينز أسود,2,600,250,طنطا
ORD-1418,2026-08-09 14:50:00,حذاء رياضي مريح,1,950,400,الجيزة
ORD-1399,2026-08-27 17:36:00,جاكيت جلد رجالي,2,1500,600,الإسكندرية
ORD-1149,2026-08-04 19:14:00,هودي شتوي رمادي,3,700,300,المنيا
ORD-1480,2026-08-13 22:13:00,قميص كاجوال كحلي,2,450,200,الإسكندرية
ORD-1097,2026-08-17 13:48:00,قميص كاجوال كحلي,3,450,200,المنصورة
ORD-1043,2026-08-19 13:56:00,سويت شيرت زيتي,1,500,220,الجيزة
ORD-1152,2026-08-02 20:33:00,قميص كاجوال كحلي,3,450,200,القاهرة
ORD-1004,2026-08-11 20:28:00,هودي شتوي رمادي,1,700,300,المنصورة
ORD-1279,2026-08-31 23:26:00,حذاء رياضي مريح,2,950,400,طنطا
ORD-1213,2026-08-07 15:12:00,هودي شتوي رمادي,1,700,300,القاهرة
ORD-1478,2026-08-12 19:29:00,فستان صيفي مشجر,2,800,350,المنيا
ORD-1268,2026-08-08 18:14:00,بنطلون جينز أسود,3,600,250,الجيزة
